This is pdfTeX, Version 3.141592653-2.6-1.40.28 (TeX Live 2025) (preloaded format=pdflatex 2025.12.7)  1 FEB 2026 22:36
entering extended mode
 \write18 enabled.
 %&-line parsing enabled.
**TFG.tex
(./TFG.tex
LaTeX2e <2025-11-01>
L3 programming layer <2025-11-14>
(c:/texlive/2025/texmf-dist/tex/latex/base/book.cls
Document Class: book 2025/01/22 v1.4n Standard LaTeX document class
(c:/texlive/2025/texmf-dist/tex/latex/base/bk10.clo
File: bk10.clo 2025/01/22 v1.4n Standard LaTeX file (size option)
)
\c@part=\count275
\c@chapter=\count276
\c@section=\count277
\c@subsection=\count278
\c@subsubsection=\count279
\c@paragraph=\count280
\c@subparagraph=\count281
\c@figure=\count282
\c@table=\count283
\abovecaptionskip=\skip49
\belowcaptionskip=\skip50
\bibindent=\dimen148
)
(c:/texlive/2025/texmf-dist/tex/latex/svg/svg.sty
Package: svg 2020/11/26 v2.02k (include SVG pictures)

(c:/texlive/2025/texmf-dist/tex/generic/iftex/iftex.sty
Package: iftex 2024/12/12 v1.0g TeX engine tests
)
(c:/texlive/2025/texmf-dist/tex/latex/koma-script/scrbase.sty
Package: scrbase 2025/12/01 v3.49 KOMA-Script package (KOMA-Script-independent 
basics and keyval usage)

(c:/texlive/2025/texmf-dist/tex/latex/koma-script/scrlfile.sty
Package: scrlfile 2025/12/01 v3.49 KOMA-Script package (file load hooks)

(c:/texlive/2025/texmf-dist/tex/latex/koma-script/scrlfile-hook.sty
Package: scrlfile-hook 2025/12/01 v3.49 KOMA-Script package (using LaTeX hooks)


(c:/texlive/2025/texmf-dist/tex/latex/koma-script/scrlogo.sty
Package: scrlogo 2025/12/01 v3.49 KOMA-Script package (logo)
)))
(c:/texlive/2025/texmf-dist/tex/latex/graphics/keyval.sty
Package: keyval 2022/05/29 v1.15 key=value parser (DPC)
\KV@toks@=\toks17
)
Applying: [2021/05/01] Usage of raw or classic option list on input line 254.
Already applied: [0000/00/00] Usage of raw or classic option list on input line
 370.
)
(c:/texlive/2025/texmf-dist/tex/generic/pdftexcmds/pdftexcmds.sty
Package: pdftexcmds 2020-06-27 v0.33 Utility functions of pdfTeX for LuaTeX (HO
)

(c:/texlive/2025/texmf-dist/tex/generic/infwarerr/infwarerr.sty
Package: infwarerr 2019/12/03 v1.5 Providing info/warning/error messages (HO)
)
(c:/texlive/2025/texmf-dist/tex/generic/ltxcmds/ltxcmds.sty
Package: ltxcmds 2023-12-04 v1.26 LaTeX kernel commands for general use (HO)
)
Package pdftexcmds Info: \pdf@primitive is available.
Package pdftexcmds Info: \pdf@ifprimitive is available.
Package pdftexcmds Info: \pdfdraftmode found.
)
(c:/texlive/2025/texmf-dist/tex/latex/trimspaces/trimspaces.sty
Package: trimspaces 2009/09/17 v1.1 Trim spaces around a token list
)
(c:/texlive/2025/texmf-dist/tex/latex/graphics/graphicx.sty
Package: graphicx 2024/12/31 v1.2e Enhanced LaTeX Graphics (DPC,SPQR)

(c:/texlive/2025/texmf-dist/tex/latex/graphics/graphics.sty
Package: graphics 2024/08/06 v1.4g Standard LaTeX Graphics (DPC,SPQR)

(c:/texlive/2025/texmf-dist/tex/latex/graphics/trig.sty
Package: trig 2023/12/02 v1.11 sin cos tan (DPC)
)
(c:/texlive/2025/texmf-dist/tex/latex/graphics-cfg/graphics.cfg
File: graphics.cfg 2016/06/04 v1.11 sample graphics configuration
)
Package graphics Info: Driver file: pdftex.def on input line 106.

(c:/texlive/2025/texmf-dist/tex/latex/graphics-def/pdftex.def
File: pdftex.def 2025/09/29 v1.2d Graphics/color driver for pdftex
))
\Gin@req@height=\dimen149
\Gin@req@width=\dimen150
)
(c:/texlive/2025/texmf-dist/tex/latex/tools/shellesc.sty
Package: shellesc 2023/07/08 v1.0d unified shell escape interface for LaTeX
Package shellesc Info: Unrestricted shell escape enabled on input line 75.
)
(c:/texlive/2025/texmf-dist/tex/latex/ifplatform/ifplatform.sty
Package: ifplatform 2017/10/13 v0.4a Testing for the operating system

(c:/texlive/2025/texmf-dist/tex/generic/catchfile/catchfile.sty
Package: catchfile 2019/12/09 v1.8 Catch the contents of a file (HO)

(c:/texlive/2025/texmf-dist/tex/generic/etexcmds/etexcmds.sty
Package: etexcmds 2019/12/15 v1.7 Avoid name clashes with e-TeX commands (HO)
))
(c:/texlive/2025/texmf-dist/tex/generic/iftex/ifluatex.sty
Package: ifluatex 2019/10/25 v1.5 ifluatex legacy package. Use iftex instead.
))
\c@svg@param@lastpage=\count284
\svg@box=\box53
\c@svg@param@currpage=\count285
)
(c:/texlive/2025/texmf-dist/tex/latex/xcolor/xcolor.sty
Package: xcolor 2024/09/29 v3.02 LaTeX color extensions (UK)

(c:/texlive/2025/texmf-dist/tex/latex/graphics-cfg/color.cfg
File: color.cfg 2016/01/02 v1.6 sample color configuration
)
Package xcolor Info: Driver file: pdftex.def on input line 274.

(c:/texlive/2025/texmf-dist/tex/latex/graphics/mathcolor.ltx)
Package xcolor Info: Model `cmy' substituted by `cmy0' on input line 1349.
Package xcolor Info: Model `hsb' substituted by `rgb' on input line 1353.
Package xcolor Info: Model `RGB' extended on input line 1365.
Package xcolor Info: Model `HTML' substituted by `rgb' on input line 1367.
Package xcolor Info: Model `Hsb' substituted by `hsb' on input line 1368.
Package xcolor Info: Model `tHsb' substituted by `hsb' on input line 1369.
Package xcolor Info: Model `HSB' substituted by `hsb' on input line 1370.
Package xcolor Info: Model `Gray' substituted by `gray' on input line 1371.
Package xcolor Info: Model `wave' substituted by `hsb' on input line 1372.
)
(c:/texlive/2025/texmf-dist/tex/latex/transparent/transparent.sty
Package: transparent 2025-06-23 v1.6 Transparency with color stacks

(c:/texlive/2025/texmf-dist/tex/latex/transparent/transparent-nometadata.sty
Package: transparent-nometadata 2025-06-23 v1.6 Transparency via pdfTeX's color
 stack (HO)

(c:/texlive/2025/texmf-dist/tex/latex/auxhook/auxhook.sty
Package: auxhook 2019-12-17 v1.6 Hooks for auxiliary files (HO)
)))
(c:/texlive/2025/texmf-dist/tex/latex/pgf/systemlayer/pgfsys.sty
(c:/texlive/2025/texmf-dist/tex/latex/pgf/utilities/pgfrcs.sty
(c:/texlive/2025/texmf-dist/tex/generic/pgf/utilities/pgfutil-common.tex
\pgfutil@everybye=\toks18
\pgfutil@tempdima=\dimen151
\pgfutil@tempdimb=\dimen152
)
(c:/texlive/2025/texmf-dist/tex/generic/pgf/utilities/pgfutil-latex.def
\pgfutil@abb=\box54
)
(c:/texlive/2025/texmf-dist/tex/generic/pgf/utilities/pgfrcs.code.tex
(c:/texlive/2025/texmf-dist/tex/generic/pgf/pgf.revision.tex)
Package: pgfrcs 2025-08-29 v3.1.11a (3.1.11a)
))
(c:/texlive/2025/texmf-dist/tex/generic/pgf/systemlayer/pgfsys.code.tex
Package: pgfsys 2025-08-29 v3.1.11a (3.1.11a)

(c:/texlive/2025/texmf-dist/tex/generic/pgf/utilities/pgfkeys.code.tex
\pgfkeys@pathtoks=\toks19
\pgfkeys@temptoks=\toks20

(c:/texlive/2025/texmf-dist/tex/generic/pgf/utilities/pgfkeyslibraryfiltered.co
de.tex
\pgfkeys@tmptoks=\toks21
))
\pgf@x=\dimen153
\pgf@y=\dimen154
\pgf@xa=\dimen155
\pgf@ya=\dimen156
\pgf@xb=\dimen157
\pgf@yb=\dimen158
\pgf@xc=\dimen159
\pgf@yc=\dimen160
\pgf@xd=\dimen161
\pgf@yd=\dimen162
\w@pgf@writea=\write3
\r@pgf@reada=\read2
\c@pgf@counta=\count286
\c@pgf@countb=\count287
\c@pgf@countc=\count288
\c@pgf@countd=\count289
\t@pgf@toka=\toks22
\t@pgf@tokb=\toks23
\t@pgf@tokc=\toks24
\pgf@sys@id@count=\count290
 (c:/texlive/2025/texmf-dist/tex/generic/pgf/systemlayer/pgf.cfg
File: pgf.cfg 2025-08-29 v3.1.11a (3.1.11a)
)
Driver file for pgf: pgfsys-pdftex.def

(c:/texlive/2025/texmf-dist/tex/generic/pgf/systemlayer/pgfsys-pdftex.def
File: pgfsys-pdftex.def 2025-08-29 v3.1.11a (3.1.11a)

(c:/texlive/2025/texmf-dist/tex/generic/pgf/systemlayer/pgfsys-common-pdf.def
File: pgfsys-common-pdf.def 2025-08-29 v3.1.11a (3.1.11a)
)))
(c:/texlive/2025/texmf-dist/tex/generic/pgf/systemlayer/pgfsyssoftpath.code.tex
File: pgfsyssoftpath.code.tex 2025-08-29 v3.1.11a (3.1.11a)
\pgfsyssoftpath@smallbuffer@items=\count291
\pgfsyssoftpath@bigbuffer@items=\count292
)
(c:/texlive/2025/texmf-dist/tex/generic/pgf/systemlayer/pgfsysprotocol.code.tex
File: pgfsysprotocol.code.tex 2025-08-29 v3.1.11a (3.1.11a)
)) (c:/texlive/2025/texmf-dist/tex/latex/adjustbox/adjustbox.sty
Package: adjustbox 2025/02/26 v1.3c Adjusting TeX boxes (trim, clip, ...)

(c:/texlive/2025/texmf-dist/tex/latex/xkeyval/xkeyval.sty
Package: xkeyval 2025/11/04 v2.10 package option processing (HA)

(c:/texlive/2025/texmf-dist/tex/generic/xkeyval/xkeyval.tex
(c:/texlive/2025/texmf-dist/tex/generic/xkeyval/xkvutils.tex
\XKV@toks=\toks25
\XKV@tempa@toks=\toks26
\XKV@tempb@toks=\toks27
)
\XKV@depth=\count293
File: xkeyval.tex 2014/12/03 v2.7a key=value parser (HA)
))
(c:/texlive/2025/texmf-dist/tex/latex/adjustbox/adjcalc.sty
Package: adjcalc 2012/05/16 v1.1 Provides advanced setlength with multiple back
-ends (calc, etex, pgfmath)
)
(c:/texlive/2025/texmf-dist/tex/latex/adjustbox/trimclip.sty
Package: trimclip 2025/02/21 v1.2a Trim and clip general TeX material

(c:/texlive/2025/texmf-dist/tex/latex/collectbox/collectbox.sty
Package: collectbox 2022/10/17 v0.4c Collect macro arguments as boxes
\collectedbox=\box55
)
\tc@llx=\dimen163
\tc@lly=\dimen164
\tc@urx=\dimen165
\tc@ury=\dimen166
Package trimclip Info: Using driver 'tc-pdftex.def'.

(c:/texlive/2025/texmf-dist/tex/latex/adjustbox/tc-pdftex.def
File: tc-pdftex.def 2025/02/26 v2.3 Clipping driver for pdftex
))
\adjbox@Width=\dimen167
\adjbox@Height=\dimen168
\adjbox@Depth=\dimen169
\adjbox@Totalheight=\dimen170
\adjbox@pwidth=\dimen171
\adjbox@pheight=\dimen172
\adjbox@pdepth=\dimen173
\adjbox@ptotalheight=\dimen174

(c:/texlive/2025/texmf-dist/tex/latex/ifoddpage/ifoddpage.sty
Package: ifoddpage 2022/10/18 v1.2 Conditionals for odd/even page detection
\c@checkoddpage=\count294
)
(c:/texlive/2025/texmf-dist/tex/latex/varwidth/varwidth.sty
Package: varwidth 2009/03/30 ver 0.92;  Variable-width minipages
\@vwid@box=\box56
\sift@deathcycles=\count295
\@vwid@loff=\dimen175
\@vwid@roff=\dimen176
)
==> First Aid for varwidth.sty applied!
) (c:/texlive/2025/texmf-dist/tex/generic/babel/babel.sty
Package: babel 2025/11/23 v25.16 The multilingual framework for LuaLaTeX, pdfLa
TeX and XeLaTeX
\babel@savecnt=\count296
LaTeX Encoding Info:    Redeclaring text command \ij (encoding OT1) on input li
ne 2050.
LaTeX Encoding Info:    Redeclaring text command \IJ (encoding OT1) on input li
ne 2052.
LaTeX Encoding Info:    Redeclaring text command \ij (encoding T1) on input lin
e 2054.
LaTeX Encoding Info:    Redeclaring text command \IJ (encoding T1) on input lin
e 2055.
LaTeX Encoding Info:    Ignoring declaration for text command \ij (encoding ?) 
on input line 2056.
LaTeX Encoding Info:    Ignoring declaration for text command \IJ (encoding ?) 
on input line 2058.
LaTeX Encoding Info:    Ignoring declaration for text command \SS (encoding ?) 
on input line 2083.
\U@D=\dimen177
\l@unhyphenated=\language90

(c:/texlive/2025/texmf-dist/tex/generic/babel/txtbabel.def)
\bbl@readstream=\read3
\bbl@dirlevel=\count297

(c:/texlive/2025/texmf-dist/tex/generic/babel/locale/es/babel-spanish.tex)
Package babel Info: Importing font and identification data for spanish
(babel)             from babel-es.ini. Reported on input line 4298.

(c:/texlive/2025/texmf-dist/tex/generic/babel-spanish/spanish.ldf
Language: spanish.ldf 2021/05/27 v5.0q Spanish support from the babel system
\es@quottoks=\toks28
\es@quotdepth=\count298
Package babel Info: Making " an active character on input line 570.
Package babel Info: Making . an active character on input line 675.
Package babel Info: Making < an active character on input line 722.
Package babel Info: Making > an active character on input line 722.
))
LaTeX Encoding Info:    Redeclaring text command \guillemotleft (encoding OT1) 
on input line 13.
LaTeX Encoding Info:    Redeclaring text command \guillemotright (encoding OT1)
 on input line 13.

(c:/texlive/2025/texmf-dist/tex/latex/base/inputenc.sty
Package: inputenc 2024/02/08 v1.3d Input encoding file
\inpenc@prehook=\toks29
\inpenc@posthook=\toks30
)
(c:/texlive/2025/texmf-dist/tex/latex/amsmath/amsmath.sty
Package: amsmath 2025/07/09 v2.17z AMS math features
\@mathmargin=\skip51

For additional information on amsmath, use the `?' option.
(c:/texlive/2025/texmf-dist/tex/latex/amsmath/amstext.sty
Package: amstext 2024/11/17 v2.01 AMS text

(c:/texlive/2025/texmf-dist/tex/latex/amsmath/amsgen.sty
File: amsgen.sty 1999/11/30 v2.0 generic functions
\@emptytoks=\toks31
\ex@=\dimen178
))
(c:/texlive/2025/texmf-dist/tex/latex/amsmath/amsbsy.sty
Package: amsbsy 1999/11/29 v1.2d Bold Symbols
\pmbraise@=\dimen179
)
(c:/texlive/2025/texmf-dist/tex/latex/amsmath/amsopn.sty
Package: amsopn 2022/04/08 v2.04 operator names
)
\inf@bad=\count299
LaTeX Info: Redefining \frac on input line 233.
\uproot@=\count300
\leftroot@=\count301
LaTeX Info: Redefining \overline on input line 398.
LaTeX Info: Redefining \colon on input line 409.
\classnum@=\count302
\DOTSCASE@=\count303
LaTeX Info: Redefining \ldots on input line 495.
LaTeX Info: Redefining \dots on input line 498.
LaTeX Info: Redefining \cdots on input line 619.
\Mathstrutbox@=\box57
\strutbox@=\box58
LaTeX Info: Redefining \big on input line 721.
LaTeX Info: Redefining \Big on input line 722.
LaTeX Info: Redefining \bigg on input line 723.
LaTeX Info: Redefining \Bigg on input line 724.
\big@size=\dimen180
LaTeX Font Info:    Redeclaring font encoding OML on input line 742.
LaTeX Font Info:    Redeclaring font encoding OMS on input line 743.
\macc@depth=\count304
LaTeX Info: Redefining \bmod on input line 904.
LaTeX Info: Redefining \pmod on input line 909.
LaTeX Info: Redefining \smash on input line 939.
LaTeX Info: Redefining \relbar on input line 969.
LaTeX Info: Redefining \Relbar on input line 970.
\c@MaxMatrixCols=\count305
\dotsspace@=\muskip17
\c@parentequation=\count306
\dspbrk@lvl=\count307
\tag@help=\toks32
\row@=\count308
\column@=\count309
\maxfields@=\count310
\andhelp@=\toks33
\eqnshift@=\dimen181
\alignsep@=\dimen182
\tagshift@=\dimen183
\tagwidth@=\dimen184
\totwidth@=\dimen185
\lineht@=\dimen186
\@envbody=\toks34
\multlinegap=\skip52
\multlinetaggap=\skip53
\mathdisplay@stack=\toks35
LaTeX Info: Redefining \[ on input line 2950.
LaTeX Info: Redefining \] on input line 2951.
)
(c:/texlive/2025/texmf-dist/tex/latex/amsfonts/amsfonts.sty
Package: amsfonts 2013/01/14 v3.01 Basic AMSFonts support
\symAMSa=\mathgroup4
\symAMSb=\mathgroup5
LaTeX Font Info:    Redeclaring math symbol \hbar on input line 98.
LaTeX Font Info:    Overwriting math alphabet `\mathfrak' in version `bold'
(Font)                  U/euf/m/n --> U/euf/b/n on input line 106.
)
(c:/texlive/2025/texmf-dist/tex/latex/amsfonts/amssymb.sty
Package: amssymb 2013/01/14 v3.01 AMS font symbols
)
(c:/texlive/2025/texmf-dist/tex/latex/subfig/subfig.sty
Package: subfig 2005/06/28 ver: 1.3 subfig package

(c:/texlive/2025/texmf-dist/tex/latex/caption/caption.sty
Package: caption 2023/08/05 v3.6o Customizing captions (AR)

(c:/texlive/2025/texmf-dist/tex/latex/caption/caption3.sty
Package: caption3 2023/07/31 v2.4d caption3 kernel (AR)
\caption@tempdima=\dimen187
\captionmargin=\dimen188
\caption@leftmargin=\dimen189
\caption@rightmargin=\dimen190
\caption@width=\dimen191
\caption@indent=\dimen192
\caption@parindent=\dimen193
\caption@hangindent=\dimen194
Package caption Info: Standard document class detected.
)
\c@caption@flags=\count311
\c@continuedfloat=\count312
)
\c@KVtest=\count313
\sf@farskip=\skip54
\sf@captopadj=\dimen195
\sf@capskip=\skip55
\sf@nearskip=\skip56
\c@subfigure=\count314
\c@subfigure@save=\count315
\c@lofdepth=\count316
\c@subtable=\count317
\c@subtable@save=\count318
\c@lotdepth=\count319
\sf@top=\skip57
\sf@bottom=\skip58
)
(c:/texlive/2025/texmf-dist/tex/latex/float/float.sty
Package: float 2001/11/08 v1.3d Float enhancements (AL)
\c@float@type=\count320
\float@exts=\toks36
\float@box=\box59
\@float@everytoks=\toks37
\@floatcapt=\box60
)
(c:/texlive/2025/texmf-dist/tex/latex/placeins/placeins.sty
Package: placeins 2005/04/18  v 2.2
)
(c:/texlive/2025/texmf-dist/tex/latex/listings/listings.sty
\lst@mode=\count321
\lst@gtempboxa=\box61
\lst@token=\toks38
\lst@length=\count322
\lst@currlwidth=\dimen196
\lst@column=\count323
\lst@pos=\count324
\lst@lostspace=\dimen197
\lst@width=\dimen198
\lst@newlines=\count325
\lst@lineno=\count326
\lst@maxwidth=\dimen199

(c:/texlive/2025/texmf-dist/tex/latex/listings/lstpatch.sty
File: lstpatch.sty 2025/11/14 1.11b (Carsten Heinz)
)
(c:/texlive/2025/texmf-dist/tex/latex/listings/lstmisc.sty
File: lstmisc.sty 2025/11/14 1.11b (Carsten Heinz)
\c@lstnumber=\count327
\lst@skipnumbers=\count328
\lst@framebox=\box62
)
(c:/texlive/2025/texmf-dist/tex/latex/listings/listings.cfg
File: listings.cfg 2025/11/14 1.11b listings configuration
))
Package: listings 2025/11/14 1.11b (Carsten Heinz)

==> First Aid for listings.sty no longer applied!
    Expected:
        2024/09/23 1.10c (Carsten Heinz)
    but found:
        2025/11/14 1.11b (Carsten Heinz)
    so I'm assuming it got fixed.
(c:/texlive/2025/texmf-dist/tex/latex/appendix/appendix.sty
Package: appendix 2020/02/08 v1.2c extra appendix facilities
\c@@pps=\count329
\c@@ppsavesec=\count330
\c@@ppsaveapp=\count331
)
(c:/texlive/2025/texmf-dist/tex/latex/geometry/geometry.sty
Package: geometry 2020/01/02 v5.9 Page Geometry

(c:/texlive/2025/texmf-dist/tex/generic/iftex/ifvtex.sty
Package: ifvtex 2019/10/25 v1.7 ifvtex legacy package. Use iftex instead.
)
\Gm@cnth=\count332
\Gm@cntv=\count333
\c@Gm@tempcnt=\count334
\Gm@bindingoffset=\dimen256
\Gm@wd@mp=\dimen257
\Gm@odd@mp=\dimen258
\Gm@even@mp=\dimen259
\Gm@layoutwidth=\dimen260
\Gm@layoutheight=\dimen261
\Gm@layouthoffset=\dimen262
\Gm@layoutvoffset=\dimen263
\Gm@dimlist=\toks39
)
(c:/texlive/2025/texmf-dist/tex/latex/tools/multicol.sty
Package: multicol 2025/10/21 v2.0b multicolumn formatting (FMi)
\c@tracingmulticols=\count335
\mult@box=\box63
\multicol@leftmargin=\dimen264
\c@unbalance=\count336
\c@collectmore=\count337
\doublecol@number=\count338
\multicoltolerance=\count339
\multicolpretolerance=\count340
\full@width=\dimen265
\page@free=\dimen266
\premulticols=\dimen267
\postmulticols=\dimen268
\multicolsep=\skip59
\multicolbaselineskip=\skip60
\partial@page=\box64
\last@line=\box65
\mc@boxedresult=\box66
\maxbalancingoverflow=\dimen269
\mult@rightbox=\box67
\mult@grightbox=\box68
\mult@firstbox=\box69
\mult@gfirstbox=\box70
\@tempa=\box71
\@tempa=\box72
\@tempa=\box73
\@tempa=\box74
\@tempa=\box75
\@tempa=\box76
\@tempa=\box77
\@tempa=\box78
\@tempa=\box79
\@tempa=\box80
\@tempa=\box81
\@tempa=\box82
\@tempa=\box83
\@tempa=\box84
\@tempa=\box85
\@tempa=\box86
\@tempa=\box87
\@tempa=\box88
\@tempa=\box89
\@tempa=\box90
\@tempa=\box91
\@tempa=\box92
\@tempa=\box93
\@tempa=\box94
\@tempa=\box95
\@tempa=\box96
\@tempa=\box97
\@tempa=\box98
\@tempa=\box99
\@tempa=\box100
\@tempa=\box101
\@tempa=\box102
\@tempa=\box103
\@tempa=\box104
\@tempa=\box105
\@tempa=\box106
\c@minrows=\count341
\c@columnbadness=\count342
\c@finalcolumnbadness=\count343
\last@try=\dimen270
\multicolovershoot=\dimen271
\multicolundershoot=\dimen272
\mult@nat@firstbox=\box107
\colbreak@box=\box108
\mc@col@check@num=\count344
\g__mc_curr_col_int=\count345
)
(c:/texlive/2025/texmf-dist/tex/latex/hyperref/hyperref.sty
Package: hyperref 2025-07-12 v7.01o Hypertext links for LaTeX

(c:/texlive/2025/texmf-dist/tex/latex/kvsetkeys/kvsetkeys.sty
Package: kvsetkeys 2022-10-05 v1.19 Key value parser (HO)
)
(c:/texlive/2025/texmf-dist/tex/generic/kvdefinekeys/kvdefinekeys.sty
Package: kvdefinekeys 2019-12-19 v1.6 Define keys (HO)
)
(c:/texlive/2025/texmf-dist/tex/generic/pdfescape/pdfescape.sty
Package: pdfescape 2019/12/09 v1.15 Implements pdfTeX's escape features (HO)
)
(c:/texlive/2025/texmf-dist/tex/latex/hycolor/hycolor.sty
Package: hycolor 2020-01-27 v1.10 Color options for hyperref/bookmark (HO)
)
(c:/texlive/2025/texmf-dist/tex/latex/hyperref/nameref.sty
Package: nameref 2025-06-21 v2.57 Cross-referencing by name of section

(c:/texlive/2025/texmf-dist/tex/latex/refcount/refcount.sty
Package: refcount 2019/12/15 v3.6 Data extraction from label references (HO)
)
(c:/texlive/2025/texmf-dist/tex/generic/gettitlestring/gettitlestring.sty
Package: gettitlestring 2019/12/15 v1.6 Cleanup title references (HO)

(c:/texlive/2025/texmf-dist/tex/latex/kvoptions/kvoptions.sty
Package: kvoptions 2022-06-15 v3.15 Key value format for package options (HO)
))
\c@section@level=\count346
)
(c:/texlive/2025/texmf-dist/tex/latex/etoolbox/etoolbox.sty
Package: etoolbox 2025/10/02 v2.5m e-TeX tools for LaTeX (JAW)
\etb@tempcnta=\count347
)
(c:/texlive/2025/texmf-dist/tex/generic/stringenc/stringenc.sty
Package: stringenc 2019/11/29 v1.12 Convert strings between diff. encodings (HO
)
)
\@linkdim=\dimen273
\Hy@linkcounter=\count348
\Hy@pagecounter=\count349

(c:/texlive/2025/texmf-dist/tex/latex/hyperref/pd1enc.def
File: pd1enc.def 2025-07-12 v7.01o Hyperref: PDFDocEncoding definition (HO)
Now handling font encoding PD1 ...
... no UTF-8 mapping file for font encoding PD1
)
(c:/texlive/2025/texmf-dist/tex/generic/intcalc/intcalc.sty
Package: intcalc 2019/12/15 v1.3 Expandable calculations with integers (HO)
)
\Hy@SavedSpaceFactor=\count350

(c:/texlive/2025/texmf-dist/tex/latex/hyperref/puenc.def
File: puenc.def 2025-07-12 v7.01o Hyperref: PDF Unicode definition (HO)
Now handling font encoding PU ...
... no UTF-8 mapping file for font encoding PU
)
Package hyperref Info: Hyper figures OFF on input line 4195.
Package hyperref Info: Link nesting OFF on input line 4200.
Package hyperref Info: Hyper index ON on input line 4203.
Package hyperref Info: Plain pages OFF on input line 4210.
Package hyperref Info: Backreferencing OFF on input line 4215.
Package hyperref Info: Implicit mode ON; LaTeX internals redefined.
Package hyperref Info: Bookmarks ON on input line 4462.
\c@Hy@tempcnt=\count351

(c:/texlive/2025/texmf-dist/tex/latex/url/url.sty
\Urlmuskip=\muskip18
Package: url 2013/09/16  ver 3.4  Verb mode for urls, etc.
)
LaTeX Info: Redefining \url on input line 4801.
\XeTeXLinkMargin=\dimen274

(c:/texlive/2025/texmf-dist/tex/generic/bitset/bitset.sty
Package: bitset 2019/12/09 v1.3 Handle bit-vector datatype (HO)

(c:/texlive/2025/texmf-dist/tex/generic/bigintcalc/bigintcalc.sty
Package: bigintcalc 2019/12/15 v1.5 Expandable calculations on big integers (HO
)
))
\Fld@menulength=\count352
\Field@Width=\dimen275
\Fld@charsize=\dimen276
Package hyperref Info: Hyper figures OFF on input line 6078.
Package hyperref Info: Link nesting OFF on input line 6083.
Package hyperref Info: Hyper index ON on input line 6086.
Package hyperref Info: backreferencing OFF on input line 6093.
Package hyperref Info: Link coloring OFF on input line 6098.
Package hyperref Info: Link coloring with OCG OFF on input line 6103.
Package hyperref Info: PDF/A mode OFF on input line 6108.
\Hy@abspage=\count353
\c@Item=\count354
\c@Hfootnote=\count355
)
Package hyperref Info: Driver (autodetected): hpdftex.

(c:/texlive/2025/texmf-dist/tex/latex/hyperref/hpdftex.def
File: hpdftex.def 2025-07-12 v7.01o Hyperref driver for pdfTeX
\Fld@listcount=\count356
\c@bookmark@seq@number=\count357

(c:/texlive/2025/texmf-dist/tex/latex/rerunfilecheck/rerunfilecheck.sty
Package: rerunfilecheck 2025-06-21 v1.11 Rerun checks for auxiliary files (HO)

(c:/texlive/2025/texmf-dist/tex/generic/uniquecounter/uniquecounter.sty
Package: uniquecounter 2019/12/15 v1.4 Provide unlimited unique counter (HO)
)
Package uniquecounter Info: New unique counter `rerunfilecheck' on input line 2
84.
)
\Hy@SectionHShift=\skip61
)
Package hyperref Info: Option `colorlinks' set `true' on input line 46.

(c:/texlive/2025/texmf-dist/tex/latex/l3backend/l3backend-pdftex.def
File: l3backend-pdftex.def 2025-10-09 L3 backend support: PDF output (pdfTeX)
\l__color_backend_stack_int=\count358
)
(./TFG.aux (./capitulos/portada.aux)
LaTeX Info: Redefining \. on input line 14.
LaTeX Info: Redefining \% on input line 14.
Package babel Info: 'spanish' activates 'spanish' shorthands.
(babel)             Reported on input line 14.
 (./capitulos/licencia.aux)
(./capitulos/agradecimientos.aux) (./capitulos/resumen.aux)
(./capitulos/simbolos.aux) (./capitulos/introduccion.aux)
(./capitulos/marcoteorico.aux

LaTeX Warning: Label `eq:I' multiply defined.

) (./capitulos/estadoarte.aux) (./capitulos/presentacionprototipo.aux)
(./capitulos/planteamiento.aux) (./capitulos/implementacion.aux)
(./capitulos/conclusion.aux) (./capitulos/anexo.aux))
\openout1 = `TFG.aux'.

LaTeX Font Info:    Checking defaults for OML/cmm/m/it on input line 56.
LaTeX Font Info:    ... okay on input line 56.
LaTeX Font Info:    Checking defaults for OMS/cmsy/m/n on input line 56.
LaTeX Font Info:    ... okay on input line 56.
LaTeX Font Info:    Checking defaults for OT1/cmr/m/n on input line 56.
LaTeX Font Info:    ... okay on input line 56.
LaTeX Font Info:    Checking defaults for T1/cmr/m/n on input line 56.
LaTeX Font Info:    ... okay on input line 56.
LaTeX Font Info:    Checking defaults for TS1/cmr/m/n on input line 56.
LaTeX Font Info:    ... okay on input line 56.
LaTeX Font Info:    Checking defaults for OMX/cmex/m/n on input line 56.
LaTeX Font Info:    ... okay on input line 56.
LaTeX Font Info:    Checking defaults for U/cmr/m/n on input line 56.
LaTeX Font Info:    ... okay on input line 56.
LaTeX Font Info:    Checking defaults for PD1/pdf/m/n on input line 56.
LaTeX Font Info:    ... okay on input line 56.
LaTeX Font Info:    Checking defaults for PU/pdf/m/n on input line 56.
LaTeX Font Info:    ... okay on input line 56.

(c:/texlive/2025/texmf-dist/tex/context/base/mkii/supp-pdf.mkii
[Loading MPS to PDF converter (version 2006.09.02).]
\scratchcounter=\count359
\scratchdimen=\dimen277
\scratchbox=\box109
\nofMPsegments=\count360
\nofMParguments=\count361
\everyMPshowfont=\toks40
\MPscratchCnt=\count362
\MPscratchDim=\dimen278
\MPnumerator=\count363
\makeMPintoPDFobject=\count364
\everyMPtoPDFconversion=\toks41
) (c:/texlive/2025/texmf-dist/tex/latex/epstopdf-pkg/epstopdf-base.sty
Package: epstopdf-base 2020-01-24 v2.11 Base part for package epstopdf
Package epstopdf-base Info: Redefining graphics rule for `.eps' on input line 4
85.

(c:/texlive/2025/texmf-dist/tex/latex/latexconfig/epstopdf-sys.cfg
File: epstopdf-sys.cfg 2010/07/13 v1.3 Configuration of (r)epstopdf for TeX Liv
e
))
LaTeX Info: Redefining \. on input line 56.
LaTeX Info: Redefining \% on input line 56.
Package caption Info: Begin \AtBeginDocument code.
Package caption Info: subfig package v1.3 is loaded.
Package caption Info: float package is loaded.
Package caption Info: hyperref package is loaded.
Package caption Info: listings package is loaded.
Package caption Info: End \AtBeginDocument code.
\c@lstlisting=\count365

*geometry* driver: auto-detecting
*geometry* detected driver: pdftex
*geometry* verbose mode - [ preamble ] result:
* driver: pdftex
* paper: a4paper
* layout: <same size as paper>
* layoutoffset:(h,v)=(0.0pt,0.0pt)
* modes: twoside 
* h-part:(L,W,R)=(85.35826pt, 426.79135pt, 85.35826pt)
* v-part:(T,H,B)=(85.35826pt, 674.33032pt, 85.35826pt)
* \paperwidth=597.50787pt
* \paperheight=845.04684pt
* \textwidth=426.79135pt
* \textheight=674.33032pt
* \oddsidemargin=13.08827pt
* \evensidemargin=13.08827pt
* \topmargin=-16.97922pt
* \headheight=12.0pt
* \headsep=18.06749pt
* \topskip=10.0pt
* \footskip=25.29494pt
* \marginparwidth=115.0pt
* \marginparsep=7.0pt
* \columnsep=10.0pt
* \skip\footins=9.0pt plus 4.0pt minus 2.0pt
* \hoffset=0.0pt
* \voffset=0.0pt
* \mag=1000
* \@twocolumnfalse
* \@twosidetrue
* \@mparswitchtrue
* \@reversemarginfalse
* (1in=72.27pt=25.4mm, 1cm=28.453pt)

Package hyperref Info: Link coloring ON on input line 56.
(./TFG.out) (./TFG.out)
\@outlinefile=\write4
\openout4 = `TFG.out'.

\openout2 = `capitulos/portada.aux'.

 (./capitulos/portada.tex
<figuras/cabecera.png, id=469, 1130.2225pt x 357.335pt>
File: figuras/cabecera.png Graphic file (type png)
<use figuras/cabecera.png>
Package pdftex.def Info: figuras/cabecera.png  used on input line 6.
(pdftex.def)             Requested size: 426.79135pt x 134.93266pt.

Underfull \vbox (badness 10000) has occurred while \output is active []

 [1




{c:/texlive/2025/texmf-var/fonts/map/pdftex/updmap/pdftex.map} <./figuras/cabec
era.png>] [2])
\openout2 = `capitulos/licencia.aux'.

 (./capitulos/licencia.tex) [3




{c:/texlive/2025/texmf-dist/fonts/enc/dvips/cm-super/cm-super-ts1.enc}]
\openout2 = `capitulos/agradecimientos.aux'.

 (./capitulos/agradecimientos.tex [4




]) [5]
\openout2 = `capitulos/resumen.aux'.


(./capitulos/resumen.tex
LaTeX Info: Redefining \. on input line 2.
LaTeX Info: Redefining \% on input line 2.
Package babel Info: 'spanish' activates 'spanish' shorthands.
(babel)             Reported on input line 2.
 [6




] [7]
LaTeX Info: Redefining \. on input line 23.
LaTeX Info: Redefining \% on input line 23.
 [8

]) [9]
\openout2 = `capitulos/simbolos.aux'.

 (./capitulos/simbolos.tex
LaTeX Info: Redefining \. on input line 1.
LaTeX Info: Redefining \% on input line 1.
 [10




]
LaTeX Font Info:    Trying to load font information for U+msa on input line 2.

(c:/texlive/2025/texmf-dist/tex/latex/amsfonts/umsa.fd
File: umsa.fd 2013/01/14 v3.01 AMS symbols A
)
LaTeX Font Info:    Trying to load font information for U+msb on input line 2.

(c:/texlive/2025/texmf-dist/tex/latex/amsfonts/umsb.fd
File: umsb.fd 2013/01/14 v3.01 AMS symbols B
) [11]
LaTeX Info: Redefining \. on input line 32.
LaTeX Info: Redefining \% on input line 32.
 [12

]
Overfull \hbox (34.97316pt too wide) in paragraph at lines 33--50
[][] 
 []

) [13]
LaTeX Info: Redefining \. on input line 77.
LaTeX Info: Redefining \% on input line 77.
 [14



] (./TFG.toc
LaTeX Info: Redefining \. on input line 1.
LaTeX Info: Redefining \% on input line 1.


LaTeX Font Warning: Font shape `OT1/cmr/bx/sc' undefined
(Font)              using `OT1/cmr/bx/n' instead on input line 2.


Package spanish Warning: Replacing `OT1/cmr/bx/sc' by 
(spanish)                faked small caps on input line 2.


Package spanish Warning: Replacing `OT1/cmr/bx/sc' by 
(spanish)                faked small caps on input line 3.


Package spanish Warning: Replacing `OT1/cmr/bx/sc' by 
(spanish)                faked small caps on input line 5.


Package spanish Warning: Replacing `OT1/cmr/bx/sc' by 
(spanish)                faked small caps on input line 7.


Package spanish Warning: Replacing `OT1/cmr/bx/sc' by 
(spanish)                faked small caps on input line 8.


Package spanish Warning: Replacing `OT1/cmr/bx/sc' by 
(spanish)                faked small caps on input line 9.

[15]
LaTeX Info: Redefining \. on input line 118.
LaTeX Info: Redefining \% on input line 118.
 [16])
\tf@toc=\write5
\openout5 = `TFG.toc'.

LaTeX Info: Redefining \. on input line 81.
LaTeX Info: Redefining \% on input line 81.
 [17]
LaTeX Info: Redefining \. on input line 81.
LaTeX Info: Redefining \% on input line 81.
 [18

] (./TFG.lof
LaTeX Info: Redefining \. on input line 1.
LaTeX Info: Redefining \% on input line 1.
 [19]
Overfull \hbox (4.48715pt too wide) in paragraph at lines 109--109
 [][] [][][]\OT1/cmr/m/n/10 Resultados ex-pe-ri-men-ta-les de la pre-ci-si^^Son
 de mo-vi-mien-to del sis-te-ma en mo-do efem^^Seri- 
 []

LaTeX Info: Redefining \. on input line 116.
LaTeX Info: Redefining \% on input line 116.
[20])
\tf@lof=\write6
\openout6 = `TFG.lof'.

LaTeX Info: Redefining \. on input line 84.
LaTeX Info: Redefining \% on input line 84.
 [21]
LaTeX Info: Redefining \. on input line 84.
LaTeX Info: Redefining \% on input line 84.
 [22

] (./TFG.lot
LaTeX Info: Redefining \. on input line 1.
LaTeX Info: Redefining \% on input line 1.
)
\tf@lot=\write7
\openout7 = `TFG.lot'.

 [23]
LaTeX Info: Redefining \. on input line 88.
LaTeX Info: Redefining \% on input line 88.
 [24

]
\openout2 = `capitulos/introduccion.aux'.

 (./capitulos/introduccion.tex
Cap\'{\i }tulo 1.
[1


]
Package svg Info: Last page of `./svg-inkscape/cncdriver_svg-tex.pdf' is 1 on i
nput line 25.
 (./svg-inkscape/cncdriver_svg-tex.pdf_tex
<./svg-inkscape/cncdriver_svg-tex.pdf, id=875, page=1, 536.0025pt x 328.22626pt
>
File: ./svg-inkscape/cncdriver_svg-tex.pdf Graphic file (type pdf)
<use ./svg-inkscape/cncdriver_svg-tex.pdf, page 1>
Package pdftex.def Info: ./svg-inkscape/cncdriver_svg-tex.pdf , page1 used on i
nput line 56.
(pdftex.def)             Requested size: 332.89673pt x 203.84875pt.
)
LaTeX Info: Redefining \. on input line 49.
LaTeX Info: Redefining \% on input line 49.
 [2 <./svg-inkscape/cncdriver_svg-tex.pdf>])
LaTeX Info: Redefining \. on input line 90.
LaTeX Info: Redefining \% on input line 90.
 [3]
\openout2 = `capitulos/marcoteorico.aux'.

 (./capitulos/marcoteorico.tex
LaTeX Info: Redefining \. on input line 1.
LaTeX Info: Redefining \% on input line 1.
 [4




]
Cap\'{\i }tulo 2.
[5]
Package svg Info: Last page of `./svg-inkscape/solar_angles_svg-tex.pdf' is 1 o
n input line 53.
 (./svg-inkscape/solar_angles_svg-tex.pdf_tex
<./svg-inkscape/solar_angles_svg-tex.pdf, id=905, page=1, 255.50275pt x 204.802
3pt>
File: ./svg-inkscape/solar_angles_svg-tex.pdf Graphic file (type pdf)
<use ./svg-inkscape/solar_angles_svg-tex.pdf, page 1>
Package pdftex.def Info: ./svg-inkscape/solar_angles_svg-tex.pdf , page1 used o
n input line 56.
(pdftex.def)             Requested size: 256.07741pt x 205.2643pt.
)
Package svg Info: Last page of `./svg-inkscape/solar_angles_b_svg-tex.pdf' is 1
 on input line 54.

(./svg-inkscape/solar_angles_b_svg-tex.pdf_tex
<./svg-inkscape/solar_angles_b_svg-tex.pdf, id=907, page=1, 558.58687pt x 545.0
3625pt>
File: ./svg-inkscape/solar_angles_b_svg-tex.pdf Graphic file (type pdf)
<use ./svg-inkscape/solar_angles_b_svg-tex.pdf, page 1>
Package pdftex.def Info: ./svg-inkscape/solar_angles_b_svg-tex.pdf , page1 used
 on input line 56.
(pdftex.def)             Requested size: 162.18279pt x 158.24774pt.
)
LaTeX Info: Redefining \. on input line 84.
LaTeX Info: Redefining \% on input line 84.
 [6 <./svg-inkscape/solar_angles_svg-tex.pdf> <./svg-inkscape/solar_angles_b_sv
g-tex.pdf

pdfTeX warning: pdflatex.exe (file ./svg-inkscape/solar_angles_b_svg-tex.pdf): 
PDF inclusion: multiple pdfs with page group included in a single page
>]
LaTeX Info: Redefining \. on input line 124.
LaTeX Info: Redefining \% on input line 124.
 [7]
Package svg Info: Last page of `./svg-inkscape/Flujograma_calc_AOI_svg-tex.pdf'
 is 1 on input line 190.
 (./svg-inkscape/Flujograma_calc_AOI_svg-tex.pdf_tex
<./svg-inkscape/Flujograma_calc_AOI_svg-tex.pdf, id=955, page=1, 548.60445pt x 
199.91655pt>
File: ./svg-inkscape/Flujograma_calc_AOI_svg-tex.pdf Graphic file (type pdf)
<use ./svg-inkscape/Flujograma_calc_AOI_svg-tex.pdf, page 1>
Package pdftex.def Info: ./svg-inkscape/Flujograma_calc_AOI_svg-tex.pdf , page1
 used on input line 56.
(pdftex.def)             Requested size: 341.43437pt x 124.42284pt.
)
Underfull \hbox (badness 1253) in paragraph at lines 239--239
[]\OT1/cmr/m/n/10 Tiempo so-lar ver-
 []

LaTeX Info: Redefining \. on input line 258.
LaTeX Info: Redefining \% on input line 258.
[8]
LaTeX Info: Redefining \. on input line 298.
LaTeX Info: Redefining \% on input line 298.
 [9 <./svg-inkscape/Flujograma_calc_AOI_svg-tex.pdf>]
LaTeX Info: Redefining \. on input line 313.
LaTeX Info: Redefining \% on input line 313.
 [10]
Package svg Info: Last page of `./svg-inkscape/AOI_almu_svg-tex.pdf' is 1 on in
put line 344.

(./svg-inkscape/AOI_almu_svg-tex.pdf_tex
<./svg-inkscape/AOI_almu_svg-tex.pdf, id=987, page=1, 1160.83687pt x 575.90157p
t>
File: ./svg-inkscape/AOI_almu_svg-tex.pdf Graphic file (type pdf)
<use ./svg-inkscape/AOI_almu_svg-tex.pdf, page 1>
Package pdftex.def Info: ./svg-inkscape/AOI_almu_svg-tex.pdf , page1 used on in
put line 56.
(pdftex.def)             Requested size: 422.52577pt x 209.61795pt.
)
Package svg Info: Last page of `./svg-inkscape/Orientacion_Ventana_svg-tex.pdf'
 is 2 on input line 351.

(./svg-inkscape/Orientacion_Ventana_svg-tex.pdf_tex
<./svg-inkscape/Orientacion_Ventana_svg-tex.pdf, id=989, page=1, 172.645pt x 15
4.5775pt>
File: ./svg-inkscape/Orientacion_Ventana_svg-tex.pdf Graphic file (type pdf)
<use ./svg-inkscape/Orientacion_Ventana_svg-tex.pdf, page 1>
Package pdftex.def Info: ./svg-inkscape/Orientacion_Ventana_svg-tex.pdf , page1
 used on input line 56.
(pdftex.def)             Requested size: 192.0548pt x 171.95805pt.
<./svg-inkscape/Orientacion_Ventana_svg-tex.pdf, id=990, page=2, 172.645pt x 15
4.5775pt>
File: ./svg-inkscape/Orientacion_Ventana_svg-tex.pdf Graphic file (type pdf)
<use ./svg-inkscape/Orientacion_Ventana_svg-tex.pdf, page 2>
Package pdftex.def Info: ./svg-inkscape/Orientacion_Ventana_svg-tex.pdf , page2
 used on input line 61.
(pdftex.def)             Requested size: 192.0548pt x 171.95805pt.
)
LaTeX Info: Redefining \. on input line 363.
LaTeX Info: Redefining \% on input line 363.
 [11 <./svg-inkscape/AOI_almu_svg-tex.pdf>]
Package svg Info: Last page of `./svg-inkscape/celula_svg-tex.pdf' is 1 on inpu
t line 379.
 (./svg-inkscape/celula_svg-tex.pdf_tex
<./svg-inkscape/celula_svg-tex.pdf, id=1011, page=1, 569.54443pt x 272.41937pt>

File: ./svg-inkscape/celula_svg-tex.pdf Graphic file (type pdf)
<use ./svg-inkscape/celula_svg-tex.pdf, page 1>
Package pdftex.def Info: ./svg-inkscape/celula_svg-tex.pdf , page1 used on inpu
t line 56.
(pdftex.def)             Requested size: 341.43437pt x 163.31154pt.
)

LaTeX Warning: `h' float specifier changed to `ht'.


LaTeX Warning: Reference `fig:ilu' on page 12 undefined on input line 389.

LaTeX Info: Redefining \. on input line 390.
LaTeX Info: Redefining \% on input line 390.
[12 <./svg-inkscape/Orientacion_Ventana_svg-tex.pdf> <./svg-inkscape/Orientacio
n_Ventana_svg-tex.pdf

pdfTeX warning: pdflatex.exe (file ./svg-inkscape/Orientacion_Ventana_svg-tex.p
df): PDF inclusion: multiple pdfs with page group included in a single page
>]
LaTeX Info: Redefining \. on input line 419.
LaTeX Info: Redefining \% on input line 419.
 [13 <./svg-inkscape/celula_svg-tex.pdf>]
<figuras/curva_iv.pdf, id=1049, 433.62pt x 325.215pt>
File: figuras/curva_iv.pdf Graphic file (type pdf)
<use figuras/curva_iv.pdf>
Package pdftex.def Info: figuras/curva_iv.pdf  used on input line 444.
(pdftex.def)             Requested size: 362.77525pt x 272.09694pt.
<figuras/curva_iv_t_pdf.pdf, id=1050, 561.09625pt x 433.62pt>
File: figuras/curva_iv_t_pdf.pdf Graphic file (type pdf)
<use figuras/curva_iv_t_pdf.pdf>
Package pdftex.def Info: figuras/curva_iv_t_pdf.pdf  used on input line 448.
(pdftex.def)             Requested size: 204.85802pt x 158.31299pt.
<figuras/CurvaIV_irradiancia_pdf.pdf, id=1051, 561.09625pt x 433.62pt>
File: figuras/CurvaIV_irradiancia_pdf.pdf Graphic file (type pdf)
<use figuras/CurvaIV_irradiancia_pdf.pdf>
Package pdftex.def Info: figuras/CurvaIV_irradiancia_pdf.pdf  used on input lin
e 451.
(pdftex.def)             Requested size: 204.85802pt x 158.31299pt.
<figuras/CurvaPV_t.pdf, id=1052, 561.09625pt x 433.62pt>
File: figuras/CurvaPV_t.pdf Graphic file (type pdf)
<use figuras/CurvaPV_t.pdf>
Package pdftex.def Info: figuras/CurvaPV_t.pdf  used on input line 455.
(pdftex.def)             Requested size: 204.85802pt x 158.31299pt.
<figuras/CurvaPV_irradiancia.pdf, id=1053, 561.09625pt x 433.62pt>
File: figuras/CurvaPV_irradiancia.pdf Graphic file (type pdf)
<use figuras/CurvaPV_irradiancia.pdf>
Package pdftex.def Info: figuras/CurvaPV_irradiancia.pdf  used on input line 45
8.
(pdftex.def)             Requested size: 204.85802pt x 158.31299pt.


LaTeX Warning: Float too large for page by 11.9648pt on input line 462.

LaTeX Info: Redefining \. on input line 473.
LaTeX Info: Redefining \% on input line 473.
[14]
LaTeX Info: Redefining \. on input line 473.
LaTeX Info: Redefining \% on input line 473.
 [15 <./figuras/curva_iv.pdf> <./figuras/curva_iv_t_pdf.pdf> <./figuras/CurvaIV
_irradiancia_pdf.pdf> <./figuras/CurvaPV_t.pdf> <./figuras/CurvaPV_irradiancia.
pdf>]
Package svg Info: Last page of `./svg-inkscape/circuito_equicalente_svg-tex.pdf
' is 1 on input line 479.
 (./svg-inkscape/circuito_equicalente_svg-tex.pdf_tex
<./svg-inkscape/circuito_equicalente_svg-tex.pdf, id=1104, page=1, 453.19313pt 
x 261.22594pt>
File: ./svg-inkscape/circuito_equicalente_svg-tex.pdf Graphic file (type pdf)
<use ./svg-inkscape/circuito_equicalente_svg-tex.pdf, page 1>
Package pdftex.def Info: ./svg-inkscape/circuito_equicalente_svg-tex.pdf , page
1 used on input line 56.
(pdftex.def)             Requested size: 341.43437pt x 196.80783pt.
)
<figuras/conexioens_celulas.pdf, id=1106, 597.50786pt x 845.04686pt>
File: figuras/conexioens_celulas.pdf Graphic file (type pdf)
<use figuras/conexioens_celulas.pdf>
Package pdftex.def Info: figuras/conexioens_celulas.pdf  used on input line 508
.
(pdftex.def)             Requested size: 384.1096pt x 252.87083pt.
LaTeX Info: Redefining \. on input line 520.
LaTeX Info: Redefining \% on input line 520.
 [16

 <./svg-inkscape/circuito_equicalente_svg-tex.pdf>]
LaTeX Info: Redefining \. on input line 535.
LaTeX Info: Redefining \% on input line 535.
 [17 <./figuras/conexioens_celulas.pdf>]
<figuras/partespanel.png, id=1131, 609.02531pt x 308.65312pt>
File: figuras/partespanel.png Graphic file (type png)
<use figuras/partespanel.png>
Package pdftex.def Info: figuras/partespanel.png  used on input line 543.
(pdftex.def)             Requested size: 341.43437pt x 173.04236pt.
Package svg Info: Last page of `./svg-inkscape/elementos_envolvente_svg-tex.pdf
' is 1 on input line 554.
(./svg-inkscape/elementos_envolvente_svg-tex.pdf_tex
<./svg-inkscape/elementos_envolvente_svg-tex.pdf, id=1134, page=1, 931.41003pt 
x 691.83469pt>
File: ./svg-inkscape/elementos_envolvente_svg-tex.pdf Graphic file (type pdf)
<use ./svg-inkscape/elementos_envolvente_svg-tex.pdf, page 1>
Package pdftex.def Info: ./svg-inkscape/elementos_envolvente_svg-tex.pdf , page
1 used on input line 56.
(pdftex.def)             Requested size: 384.1096pt x 285.30087pt.
)
LaTeX Info: Redefining \. on input line 565.
LaTeX Info: Redefining \% on input line 565.
 [18 <./figuras/partespanel.png>]
LaTeX Info: Redefining \. on input line 573.
LaTeX Info: Redefining \% on input line 573.
 [19 <./svg-inkscape/elementos_envolvente_svg-tex.pdf>]
Package svg Info: Last page of `./svg-inkscape/Diagrama_ventana_convencional_sv
g-tex.pdf' is 1 on input line 579.

(./svg-inkscape/Diagrama_ventana_convencional_svg-tex.pdf_tex
<./svg-inkscape/Diagrama_ventana_convencional_svg-tex.pdf, id=1164, page=1, 322
.38614pt x 326.36624pt>
File: ./svg-inkscape/Diagrama_ventana_convencional_svg-tex.pdf Graphic file (ty
pe pdf)
<use ./svg-inkscape/Diagrama_ventana_convencional_svg-tex.pdf, page 1>
Package pdftex.def Info: ./svg-inkscape/Diagrama_ventana_convencional_svg-tex.p
df , page1 used on input line 56.
(pdftex.def)             Requested size: 200.59245pt x 203.07204pt.
)
Package svg Info: Last page of `./svg-inkscape/ventana_convencional_sombreado_s
vg-tex.pdf' is 1 on input line 583.

(./svg-inkscape/ventana_convencional_sombreado_svg-tex.pdf_tex
<./svg-inkscape/ventana_convencional_sombreado_svg-tex.pdf, id=1166, page=1, 24
4.2644pt x 365.19888pt>
File: ./svg-inkscape/ventana_convencional_sombreado_svg-tex.pdf Graphic file (t
ype pdf)
<use ./svg-inkscape/ventana_convencional_sombreado_svg-tex.pdf, page 1>
Package pdftex.def Info: ./svg-inkscape/ventana_convencional_sombreado_svg-tex.
pdf , page1 used on input line 56.
(pdftex.def)             Requested size: 200.59245pt x 299.92195pt.
)
LaTeX Info: Redefining \. on input line 597.
LaTeX Info: Redefining \% on input line 597.
 [20 <./svg-inkscape/Diagrama_ventana_convencional_svg-tex.pdf> <./svg-inkscape
/ventana_convencional_sombreado_svg-tex.pdf

pdfTeX warning: pdflatex.exe (file ./svg-inkscape/ventana_convencional_sombread
o_svg-tex.pdf): PDF inclusion: multiple pdfs with page group included in a sing
le page
>]
<figuras/Diagrama_concentracion_mj.png, id=1187, 481.8pt x 231.86626pt>
File: figuras/Diagrama_concentracion_mj.png Graphic file (type png)
<use figuras/Diagrama_concentracion_mj.png>
Package pdftex.def Info: figuras/Diagrama_concentracion_mj.png  used on input l
ine 607.
(pdftex.def)             Requested size: 481.79881pt x 231.86568pt.

Overfull \hbox (55.00746pt too wide) in paragraph at lines 607--608
 [][] 
 []

<figuras/Concentradores.png, id=1188, 448.67625pt x 256.70906pt>
File: figuras/Concentradores.png Graphic file (type png)
<use figuras/Concentradores.png>
Package pdftex.def Info: figuras/Concentradores.png  used on input line 614.
(pdftex.def)             Requested size: 448.67516pt x 256.70842pt.

Overfull \hbox (21.8838pt too wide) in paragraph at lines 614--615
 [][] 
 []

LaTeX Info: Redefining \. on input line 618.
LaTeX Info: Redefining \% on input line 618.
[21 <./figuras/Diagrama_concentracion_mj.png>]
Underfull \vbox (badness 1147) has occurred while \output is active []

LaTeX Info: Redefining \. on input line 651.
LaTeX Info: Redefining \% on input line 651.
 [22 <./figuras/Concentradores.png>]
LaTeX Info: Redefining \. on input line 688.
LaTeX Info: Redefining \% on input line 688.
 [23]
Package svg Info: Last page of `./svg-inkscape/fresnelvsdelgada_svg-tex.pdf' is
 1 on input line 703.
 (./svg-inkscape/fresnelvsdelgada_svg-tex.pdf_tex
<./svg-inkscape/fresnelvsdelgada_svg-tex.pdf, id=1214, page=1, 352.31625pt x 28
4.56313pt>
File: ./svg-inkscape/fresnelvsdelgada_svg-tex.pdf Graphic file (type pdf)
<use ./svg-inkscape/fresnelvsdelgada_svg-tex.pdf, page 1>
Package pdftex.def Info: ./svg-inkscape/fresnelvsdelgada_svg-tex.pdf , page1 us
ed on input line 56.
(pdftex.def)             Requested size: 192.0548pt x 155.12073pt.
)
Underfull \hbox (badness 1048) in paragraph at lines 703--703
[]\OT1/cmr/m/n/8 (a) |Com-pa-ra-ci^^Son Fres-nel y len-te con-ti-nua plano-
 []

Package svg Info: Last page of `./svg-inkscape/fresnel_faro_con_svg-tex.pdf' is
 1 on input line 706.
(./svg-inkscape/fresnel_faro_con_svg-tex.pdf_tex
<./svg-inkscape/fresnel_faro_con_svg-tex.pdf, id=1216, page=1, 501.35457pt x 49
8.5524pt>
File: ./svg-inkscape/fresnel_faro_con_svg-tex.pdf Graphic file (type pdf)
<use ./svg-inkscape/fresnel_faro_con_svg-tex.pdf, page 1>
Package pdftex.def Info: ./svg-inkscape/fresnel_faro_con_svg-tex.pdf , page1 us
ed on input line 56.
(pdftex.def)             Requested size: 192.0548pt x 190.98094pt.
)
Package svg Info: Last page of `./svg-inkscape/fresnel_lineal_svg-tex.pdf' is 1
 on input line 710.

(./svg-inkscape/fresnel_lineal_svg-tex.pdf_tex
<./svg-inkscape/fresnel_lineal_svg-tex.pdf, id=1218, page=1, 343.2825pt x 324.4
6222pt>
File: ./svg-inkscape/fresnel_lineal_svg-tex.pdf Graphic file (type pdf)
<use ./svg-inkscape/fresnel_lineal_svg-tex.pdf, page 1>
Package pdftex.def Info: ./svg-inkscape/fresnel_lineal_svg-tex.pdf , page1 used
 on input line 56.
(pdftex.def)             Requested size: 192.0548pt x 181.5243pt.
)
Package svg Info: Last page of `./svg-inkscape/fresnel_concentracion_solarl_svg
-tex.pdf' is 1 on input line 713.

(./svg-inkscape/fresnel_concentracion_solarl_svg-tex.pdf_tex
<./svg-inkscape/fresnel_concentracion_solarl_svg-tex.pdf, id=1220, page=1, 545.
00372pt x 486.74904pt>
File: ./svg-inkscape/fresnel_concentracion_solarl_svg-tex.pdf Graphic file (typ
e pdf)
<use ./svg-inkscape/fresnel_concentracion_solarl_svg-tex.pdf, page 1>
Package pdftex.def Info: ./svg-inkscape/fresnel_concentracion_solarl_svg-tex.pd
f , page1 used on input line 56.
(pdftex.def)             Requested size: 192.0548pt x 171.52335pt.
))
LaTeX Info: Redefining \. on input line 94.
LaTeX Info: Redefining \% on input line 94.
 [24]
LaTeX Info: Redefining \. on input line 94.
LaTeX Info: Redefining \% on input line 94.
 [25 <./svg-inkscape/fresnelvsdelgada_svg-tex.pdf> <./svg-inkscape/fresnel_faro
_con_svg-tex.pdf

pdfTeX warning: pdflatex.exe (file ./svg-inkscape/fresnel_faro_con_svg-tex.pdf)
: PDF inclusion: multiple pdfs with page group included in a single page
> <./svg-inkscape/fresnel_lineal_svg-tex.pdf

pdfTeX warning: pdflatex.exe (file ./svg-inkscape/fresnel_lineal_svg-tex.pdf): 
PDF inclusion: multiple pdfs with page group included in a single page
> <./svg-inkscape/fresnel_concentracion_solarl_svg-tex.pdf

pdfTeX warning: pdflatex.exe (file ./svg-inkscape/fresnel_concentracion_solarl_
svg-tex.pdf): PDF inclusion: multiple pdfs with page group included in a single
 page
>]
\openout2 = `capitulos/estadoarte.aux'.

 (./capitulos/estadoarte.tex
LaTeX Info: Redefining \. on input line 1.
LaTeX Info: Redefining \% on input line 1.
 [26




]
Cap\'{\i }tulo 3.
[27]
Package svg Info: Last page of `./svg-inkscape/zurich_svg-tex.pdf' is 1 on inpu
t line 21.
 (./svg-inkscape/zurich_svg-tex.pdf_tex
<./svg-inkscape/zurich_svg-tex.pdf, id=1264, page=1, 323.70941pt x 236.38313pt>

File: ./svg-inkscape/zurich_svg-tex.pdf Graphic file (type pdf)
<use ./svg-inkscape/zurich_svg-tex.pdf, page 1>
Package pdftex.def Info: ./svg-inkscape/zurich_svg-tex.pdf , page1 used on inpu
t line 56.
(pdftex.def)             Requested size: 192.0548pt x 140.24393pt.
)
Package svg Info: Last page of `./svg-inkscape/flectosol_svg-tex.pdf' is 1 on i
nput line 25.

(./svg-inkscape/flectosol_svg-tex.pdf_tex
<./svg-inkscape/flectosol_svg-tex.pdf, id=1266, page=1, 402.75468pt x 262.73157
pt>
File: ./svg-inkscape/flectosol_svg-tex.pdf Graphic file (type pdf)
<use ./svg-inkscape/flectosol_svg-tex.pdf, page 1>
Package pdftex.def Info: ./svg-inkscape/flectosol_svg-tex.pdf , page1 used on i
nput line 56.
(pdftex.def)             Requested size: 192.0548pt x 125.28386pt.
)
Package svg Info: Last page of `./svg-inkscape/vidrioscolores_svg-tex.pdf' is 1
 on input line 29.

(./svg-inkscape/vidrioscolores_svg-tex.pdf_tex
<./svg-inkscape/vidrioscolores_svg-tex.pdf, id=1268, page=1, 552.86009pt x 141.
08044pt>
File: ./svg-inkscape/vidrioscolores_svg-tex.pdf Graphic file (type pdf)
<use ./svg-inkscape/vidrioscolores_svg-tex.pdf, page 1>
Package pdftex.def Info: ./svg-inkscape/vidrioscolores_svg-tex.pdf , page1 used
 on input line 56.
(pdftex.def)             Requested size: 405.45047pt x 103.46576pt.
)
LaTeX Info: Redefining \. on input line 40.
LaTeX Info: Redefining \% on input line 40.
 [28 <./svg-inkscape/zurich_svg-tex.pdf> <./svg-inkscape/flectosol_svg-tex.pdf

pdfTeX warning: pdflatex.exe (file ./svg-inkscape/flectosol_svg-tex.pdf): PDF i
nclusion: multiple pdfs with page group included in a single page
> <./svg-inkscape/vidrioscolores_svg-tex.pdf

pdfTeX warning: pdflatex.exe (file ./svg-inkscape/vidrioscolores_svg-tex.pdf): 
PDF inclusion: multiple pdfs with page group included in a single page
>]
<figuras/simulacion_aoi.jpg, id=1292, 442.14786pt x 490.27968pt>
File: figuras/simulacion_aoi.jpg Graphic file (type jpg)
<use figuras/simulacion_aoi.jpg>
Package pdftex.def Info: figuras/simulacion_aoi.jpg  used on input line 52.
(pdftex.def)             Requested size: 422.52577pt x 468.53851pt.
Package svg Info: Last page of `./svg-inkscape/lente_sistema_svg-tex.pdf' is 1 
on input line 62.
 (./svg-inkscape/lente_sistema_svg-tex.pdf_tex
<./svg-inkscape/lente_sistema_svg-tex.pdf, id=1294, page=1, 584.1825pt x 484.81
125pt>
File: ./svg-inkscape/lente_sistema_svg-tex.pdf Graphic file (type pdf)
<use ./svg-inkscape/lente_sistema_svg-tex.pdf, page 1>
Package pdftex.def Info: ./svg-inkscape/lente_sistema_svg-tex.pdf , page1 used 
on input line 56.
(pdftex.def)             Requested size: 192.0548pt x 159.38159pt.
)
Package svg Info: Last page of `./svg-inkscape/linear_array_pp_svg-tex.pdf' is 
1 on input line 66.

(./svg-inkscape/linear_array_pp_svg-tex.pdf_tex
<./svg-inkscape/linear_array_pp_svg-tex.pdf, id=1296, page=1, 483.19627pt x 833
.02147pt>
File: ./svg-inkscape/linear_array_pp_svg-tex.pdf Graphic file (type pdf)
<use ./svg-inkscape/linear_array_pp_svg-tex.pdf, page 1>
Package pdftex.def Info: ./svg-inkscape/linear_array_pp_svg-tex.pdf , page1 use
d on input line 56.
(pdftex.def)             Requested size: 192.0548pt x 331.09268pt.
)
Package svg Info: Last page of `./svg-inkscape/conjunto_svg-tex.pdf' is 1 on in
put line 70.

(./svg-inkscape/conjunto_svg-tex.pdf_tex
<./svg-inkscape/conjunto_svg-tex.pdf, id=1298, page=1, 586.44093pt x 326.72063p
t>
File: ./svg-inkscape/conjunto_svg-tex.pdf Graphic file (type pdf)
<use ./svg-inkscape/conjunto_svg-tex.pdf, page 1>
Package pdftex.def Info: ./svg-inkscape/conjunto_svg-tex.pdf , page1 used on in
put line 56.
(pdftex.def)             Requested size: 384.1096pt x 213.9961pt.
)
Package svg Info: Last page of `./svg-inkscape/aoil_efeiciencia_svg-tex.pdf' is
 1 on input line 82.

(./svg-inkscape/aoil_efeiciencia_svg-tex.pdf_tex
<./svg-inkscape/aoil_efeiciencia_svg-tex.pdf, id=1300, page=1, 447.92343pt x 35
3.82184pt>
File: ./svg-inkscape/aoil_efeiciencia_svg-tex.pdf Graphic file (type pdf)
<use ./svg-inkscape/aoil_efeiciencia_svg-tex.pdf, page 1>
Package pdftex.def Info: ./svg-inkscape/aoil_efeiciencia_svg-tex.pdf , page1 us
ed on input line 56.
(pdftex.def)             Requested size: 192.0548pt x 151.70311pt.
)
Package svg Info: Last page of `./svg-inkscape/microtracking_luz_svg-tex.pdf' i
s 1 on input line 86.

(./svg-inkscape/microtracking_luz_svg-tex.pdf_tex
<./svg-inkscape/microtracking_luz_svg-tex.pdf, id=1302, page=1, 541.09286pt x 3
26.81616pt>
File: ./svg-inkscape/microtracking_luz_svg-tex.pdf Graphic file (type pdf)
<use ./svg-inkscape/microtracking_luz_svg-tex.pdf, page 1>
Package pdftex.def Info: ./svg-inkscape/microtracking_luz_svg-tex.pdf , page1 u
sed on input line 56.
(pdftex.def)             Requested size: 192.0548pt x 115.99811pt.
)
Package svg Info: Last page of `./svg-inkscape/daylighting_svg-tex.pdf' is 1 on
 input line 94.

(./svg-inkscape/daylighting_svg-tex.pdf_tex
<./svg-inkscape/daylighting_svg-tex.pdf, id=1306, page=1, 564.58536pt x 203.675
7pt>
File: ./svg-inkscape/daylighting_svg-tex.pdf Graphic file (type pdf)
<use ./svg-inkscape/daylighting_svg-tex.pdf, page 1>
Package pdftex.def Info: ./svg-inkscape/daylighting_svg-tex.pdf , page1 used on
 input line 56.
(pdftex.def)             Requested size: 284.673pt x 102.69847pt.
)
Package svg Info: Last page of `./svg-inkscape/daylighting_glare_svg-tex.pdf' i
s 1 on input line 103.

(./svg-inkscape/daylighting_glare_svg-tex.pdf_tex
<./svg-inkscape/daylighting_glare_svg-tex.pdf, id=1308, page=1, 365.11406pt x 1
07.65218pt>
File: ./svg-inkscape/daylighting_glare_svg-tex.pdf Graphic file (type pdf)
<use ./svg-inkscape/daylighting_glare_svg-tex.pdf, page 1>
Package pdftex.def Info: ./svg-inkscape/daylighting_glare_svg-tex.pdf , page1 u
sed on input line 56.
(pdftex.def)             Requested size: 213.39568pt x 62.91794pt.
)
Package svg Info: Last page of `./svg-inkscape/conventional_semitransparent_svg
-tex.pdf' is 1 on input line 107.

(./svg-inkscape/conventional_semitransparent_svg-tex.pdf_tex
<./svg-inkscape/conventional_semitransparent_svg-tex.pdf, id=1310, page=1, 424.
58627pt x 319.19247pt>
File: ./svg-inkscape/conventional_semitransparent_svg-tex.pdf Graphic file (typ
e pdf)
<use ./svg-inkscape/conventional_semitransparent_svg-tex.pdf, page 1>
Package pdftex.def Info: ./svg-inkscape/conventional_semitransparent_svg-tex.pd
f , page1 used on input line 56.
(pdftex.def)             Requested size: 192.0548pt x 144.38046pt.
)
Package svg Info: Last page of `./svg-inkscape/smartvsconventional_svg-tex.pdf'
 is 1 on input line 110.

(./svg-inkscape/smartvsconventional_svg-tex.pdf_tex
<./svg-inkscape/smartvsconventional_svg-tex.pdf, id=1312, page=1, 421.575pt x 3
20.69812pt>
File: ./svg-inkscape/smartvsconventional_svg-tex.pdf Graphic file (type pdf)
<use ./svg-inkscape/smartvsconventional_svg-tex.pdf, page 1>
Package pdftex.def Info: ./svg-inkscape/smartvsconventional_svg-tex.pdf , page1
 used on input line 56.
(pdftex.def)             Requested size: 192.0548pt x 146.09892pt.
)
Package svg Info: Last page of `./svg-inkscape/standarwindow_svg-tex.pdf' is 1 
on input line 114.

(./svg-inkscape/standarwindow_svg-tex.pdf_tex
<./svg-inkscape/standarwindow_svg-tex.pdf, id=1314, page=1, 429.10312pt x 319.1
9247pt>
File: ./svg-inkscape/standarwindow_svg-tex.pdf Graphic file (type pdf)
<use ./svg-inkscape/standarwindow_svg-tex.pdf, page 1>
Package pdftex.def Info: ./svg-inkscape/standarwindow_svg-tex.pdf , page1 used 
on input line 56.
(pdftex.def)             Requested size: 192.0548pt x 142.86087pt.
)
Package svg Info: Last page of `./svg-inkscape/smartvsstandar_svg-tex.pdf' is 1
 on input line 117.

(./svg-inkscape/smartvsstandar_svg-tex.pdf_tex
<./svg-inkscape/smartvsstandar_svg-tex.pdf, id=1316, page=1, 428.35031pt x 321.
45094pt>
File: ./svg-inkscape/smartvsstandar_svg-tex.pdf Graphic file (type pdf)
<use ./svg-inkscape/smartvsstandar_svg-tex.pdf, page 1>
Package pdftex.def Info: ./svg-inkscape/smartvsstandar_svg-tex.pdf , page1 used
 on input line 56.
(pdftex.def)             Requested size: 192.0548pt x 144.12675pt.
)) [29]
LaTeX Info: Redefining \. on input line 96.
LaTeX Info: Redefining \% on input line 96.
 [30 <./figuras/simulacion_aoi.jpg>] [31 <./svg-inkscape/lente_sistema_svg-tex.
pdf> <./svg-inkscape/linear_array_pp_svg-tex.pdf

pdfTeX warning: pdflatex.exe (file ./svg-inkscape/linear_array_pp_svg-tex.pdf):
 PDF inclusion: multiple pdfs with page group included in a single page
> <./svg-inkscape/conjunto_svg-tex.pdf

pdfTeX warning: pdflatex.exe (file ./svg-inkscape/conjunto_svg-tex.pdf): PDF in
clusion: multiple pdfs with page group included in a single page
>]
LaTeX Info: Redefining \. on input line 96.
LaTeX Info: Redefining \% on input line 96.
 [32 <./svg-inkscape/aoil_efeiciencia_svg-tex.pdf> <./svg-inkscape/microtrackin
g_luz_svg-tex.pdf

pdfTeX warning: pdflatex.exe (file ./svg-inkscape/microtracking_luz_svg-tex.pdf
): PDF inclusion: multiple pdfs with page group included in a single page
> <./svg-inkscape/daylighting_svg-tex.pdf

pdfTeX warning: pdflatex.exe (file ./svg-inkscape/daylighting_svg-tex.pdf): PDF
 inclusion: multiple pdfs with page group included in a single page
>] [33 <./svg-inkscape/daylighting_glare_svg-tex.pdf> <./svg-inkscape/conventio
nal_semitransparent_svg-tex.pdf

pdfTeX warning: pdflatex.exe (file ./svg-inkscape/conventional_semitransparent_
svg-tex.pdf): PDF inclusion: multiple pdfs with page group included in a single
 page
> <./svg-inkscape/smartvsconventional_svg-tex.pdf

pdfTeX warning: pdflatex.exe (file ./svg-inkscape/smartvsconventional_svg-tex.p
df): PDF inclusion: multiple pdfs with page group included in a single page
> <./svg-inkscape/standarwindow_svg-tex.pdf

pdfTeX warning: pdflatex.exe (file ./svg-inkscape/standarwindow_svg-tex.pdf): P
DF inclusion: multiple pdfs with page group included in a single page
> <./svg-inkscape/smartvsstandar_svg-tex.pdf

pdfTeX warning: pdflatex.exe (file ./svg-inkscape/smartvsstandar_svg-tex.pdf): 
PDF inclusion: multiple pdfs with page group included in a single page
>]
\openout2 = `capitulos/presentacionprototipo.aux'.

 (./capitulos/presentacionprototipo.tex
LaTeX Info: Redefining \. on input line 1.
LaTeX Info: Redefining \% on input line 1.
 [34




]
Cap\'{\i }tulo 4.
Package svg Info: Last page of `./svg-inkscape/ventanao_svg-tex.pdf' is 1 on in
put line 11.
(./svg-inkscape/ventanao_svg-tex.pdf_tex
<./svg-inkscape/ventanao_svg-tex.pdf, id=1399, page=1, 492.3394pt x 408.02434pt
>
File: ./svg-inkscape/ventanao_svg-tex.pdf Graphic file (type pdf)
<use ./svg-inkscape/ventanao_svg-tex.pdf, page 1>
Package pdftex.def Info: ./svg-inkscape/ventanao_svg-tex.pdf , page1 used on in
put line 56.
(pdftex.def)             Requested size: 405.45047pt x 336.03278pt.
)

LaTeX Warning: `h' float specifier changed to `ht'.

[35]
Package svg Info: Last page of `./svg-inkscape/NUDE_CNC_svg-tex.pdf' is 1 on in
put line 23.
 (./svg-inkscape/NUDE_CNC_svg-tex.pdf_tex
<./svg-inkscape/NUDE_CNC_svg-tex.pdf, id=1405, page=1, 496.85625pt x 402.0019pt
>
File: ./svg-inkscape/NUDE_CNC_svg-tex.pdf Graphic file (type pdf)
<use ./svg-inkscape/NUDE_CNC_svg-tex.pdf, page 1>
Package pdftex.def Info: ./svg-inkscape/NUDE_CNC_svg-tex.pdf , page1 used on in
put line 56.
(pdftex.def)             Requested size: 256.07741pt x 207.1897pt.
)
<figuras/driveroooooooooooo.jpg, id=1406, 1270.7475pt x 1445.4pt>
File: figuras/driveroooooooooooo.jpg Graphic file (type jpg)
<use figuras/driveroooooooooooo.jpg>
Package pdftex.def Info: figuras/driveroooooooooooo.jpg  used on input line 27.

(pdftex.def)             Requested size: 256.07741pt x 291.25832pt.
LaTeX Info: Redefining \. on input line 49.
LaTeX Info: Redefining \% on input line 49.
 [36 <./svg-inkscape/ventanao_svg-tex.pdf>]
LaTeX Info: Redefining \. on input line 103.
LaTeX Info: Redefining \% on input line 103.
 [37]
Package svg Info: Last page of `./svg-inkscape/vertical_svg-tex.pdf' is 1 on in
put line 114.
 (./svg-inkscape/vertical_svg-tex.pdf_tex
<./svg-inkscape/vertical_svg-tex.pdf, id=1433, page=1, 196.56883pt x 302.74794p
t>
File: ./svg-inkscape/vertical_svg-tex.pdf Graphic file (type pdf)
<use ./svg-inkscape/vertical_svg-tex.pdf, page 1>
Package pdftex.def Info: ./svg-inkscape/vertical_svg-tex.pdf , page1 used on in
put line 56.
(pdftex.def)             Requested size: 204.85802pt x 315.52025pt.
)
Package svg Info: Last page of `./svg-inkscape/lado_svg-tex.pdf' is 1 on input 
line 118.

(./svg-inkscape/lado_svg-tex.pdf_tex
<./svg-inkscape/lado_svg-tex.pdf, id=1435, page=1, 199.49532pt x 456.95718pt>
File: ./svg-inkscape/lado_svg-tex.pdf Graphic file (type pdf)
<use ./svg-inkscape/lado_svg-tex.pdf, page 1>
Package pdftex.def Info: ./svg-inkscape/lado_svg-tex.pdf , page1 used on input 
line 56.
(pdftex.def)             Requested size: 192.0548pt x 439.93594pt.
)
Package svg Info: Last page of `./svg-inkscape/horizontal_svg-tex.pdf' is 2 on 
input line 128.

(./svg-inkscape/horizontal_svg-tex.pdf_tex
<./svg-inkscape/horizontal_svg-tex.pdf, id=1437, page=1, 367.47705pt x 293.0401
pt>
File: ./svg-inkscape/horizontal_svg-tex.pdf Graphic file (type pdf)
<use ./svg-inkscape/horizontal_svg-tex.pdf, page 1>
Package pdftex.def Info: ./svg-inkscape/horizontal_svg-tex.pdf , page1 used on 
input line 56.
(pdftex.def)             Requested size: 256.07741pt x 204.20555pt.
<./svg-inkscape/horizontal_svg-tex.pdf, id=1438, page=2, 367.47705pt x 293.0401
pt>
File: ./svg-inkscape/horizontal_svg-tex.pdf Graphic file (type pdf)
<use ./svg-inkscape/horizontal_svg-tex.pdf, page 2>
Package pdftex.def Info: ./svg-inkscape/horizontal_svg-tex.pdf , page2 used on 
input line 60.
(pdftex.def)             Requested size: 256.07741pt x 204.20555pt.
))
LaTeX Info: Redefining \. on input line 98.
LaTeX Info: Redefining \% on input line 98.
 [38]
LaTeX Info: Redefining \. on input line 98.
LaTeX Info: Redefining \% on input line 98.
 [39 <./svg-inkscape/NUDE_CNC_svg-tex.pdf> <./figuras/driveroooooooooooo.jpg>]
LaTeX Info: Redefining \. on input line 98.
LaTeX Info: Redefining \% on input line 98.
 [40 <./svg-inkscape/vertical_svg-tex.pdf> <./svg-inkscape/lado_svg-tex.pdf

pdfTeX warning: pdflatex.exe (file ./svg-inkscape/lado_svg-tex.pdf): PDF inclus
ion: multiple pdfs with page group included in a single page
>]
LaTeX Info: Redefining \. on input line 98.
LaTeX Info: Redefining \% on input line 98.
 [41 <./svg-inkscape/horizontal_svg-tex.pdf> <./svg-inkscape/horizontal_svg-tex
.pdf

pdfTeX warning: pdflatex.exe (file ./svg-inkscape/horizontal_svg-tex.pdf): PDF 
inclusion: multiple pdfs with page group included in a single page
>]
\openout2 = `capitulos/planteamiento.aux'.

 (./capitulos/planteamiento.tex
LaTeX Info: Redefining \. on input line 1.
LaTeX Info: Redefining \% on input line 1.
 [42




]
Cap\'{\i }tulo 5.
[43]
LaTeX Info: Redefining \. on input line 53.
LaTeX Info: Redefining \% on input line 53.
 [44]
LaTeX Info: Redefining \. on input line 78.
LaTeX Info: Redefining \% on input line 78.
 [45]
LaTeX Info: Redefining \. on input line 106.
LaTeX Info: Redefining \% on input line 106.
 [46]
LaTeX Info: Redefining \. on input line 133.
LaTeX Info: Redefining \% on input line 133.
 [47]
LaTeX Info: Redefining \. on input line 161.
LaTeX Info: Redefining \% on input line 161.
 [48]
LaTeX Info: Redefining \. on input line 186.
LaTeX Info: Redefining \% on input line 186.
 [49]
LaTeX Info: Redefining \. on input line 205.
LaTeX Info: Redefining \% on input line 205.
 [50]
LaTeX Info: Redefining \. on input line 231.
LaTeX Info: Redefining \% on input line 231.
 [51]
LaTeX Info: Redefining \. on input line 255.
LaTeX Info: Redefining \% on input line 255.
 [52]
Package svg Info: Last page of `./svg-inkscape/esp_micro_svg-tex.pdf' is 1 on i
nput line 262.

(./svg-inkscape/esp_micro_svg-tex.pdf_tex
<./svg-inkscape/esp_micro_svg-tex.pdf, id=1531, page=1, 313.17003pt x 239.39436
pt>
File: ./svg-inkscape/esp_micro_svg-tex.pdf Graphic file (type pdf)
<use ./svg-inkscape/esp_micro_svg-tex.pdf, page 1>
Package pdftex.def Info: ./svg-inkscape/esp_micro_svg-tex.pdf , page1 used on i
nput line 56.
(pdftex.def)             Requested size: 192.0548pt x 146.8157pt.
)
Package svg Info: Last page of `./svg-inkscape/gpsneo_svg-tex.pdf' is 1 on inpu
t line 265.

(./svg-inkscape/gpsneo_svg-tex.pdf_tex
<./svg-inkscape/gpsneo_svg-tex.pdf, id=1533, page=1, 602.25pt x 602.25pt>
File: ./svg-inkscape/gpsneo_svg-tex.pdf Graphic file (type pdf)
<use ./svg-inkscape/gpsneo_svg-tex.pdf, page 1>
Package pdftex.def Info: ./svg-inkscape/gpsneo_svg-tex.pdf , page1 used on inpu
t line 56.
(pdftex.def)             Requested size: 192.0548pt x 192.05309pt.
)
Package svg Info: Last page of `./svg-inkscape/nema15_svg-tex.pdf' is 1 on inpu
t line 269.
 (./svg-inkscape/nema15_svg-tex.pdf_tex
<./svg-inkscape/nema15_svg-tex.pdf, id=1535, page=1, 193.47281pt x 147.55125pt>

File: ./svg-inkscape/nema15_svg-tex.pdf Graphic file (type pdf)
<use ./svg-inkscape/nema15_svg-tex.pdf, page 1>
Package pdftex.def Info: ./svg-inkscape/nema15_svg-tex.pdf , page1 used on inpu
t line 56.
(pdftex.def)             Requested size: 192.0548pt x 146.47243pt.
)
Package svg Info: Last page of `./svg-inkscape/nema17_svg-tex.pdf' is 1 on inpu
t line 272.
(./svg-inkscape/nema17_svg-tex.pdf_tex
<./svg-inkscape/nema17_svg-tex.pdf, id=1537, page=1, 139.27031pt x 154.32657pt>

File: ./svg-inkscape/nema17_svg-tex.pdf Graphic file (type pdf)
<use ./svg-inkscape/nema17_svg-tex.pdf, page 1>
Package pdftex.def Info: ./svg-inkscape/nema17_svg-tex.pdf , page1 used on inpu
t line 56.
(pdftex.def)             Requested size: 192.0548pt x 212.82251pt.
)
Package svg Info: Last page of `./svg-inkscape/CNC_ali_svg-tex.pdf' is 1 on inp
ut line 276.
 (./svg-inkscape/CNC_ali_svg-tex.pdf_tex
<./svg-inkscape/CNC_ali_svg-tex.pdf, id=1539, page=1, 502.87875pt x 416.30534pt
>
File: ./svg-inkscape/CNC_ali_svg-tex.pdf Graphic file (type pdf)
<use ./svg-inkscape/CNC_ali_svg-tex.pdf, page 1>
Package pdftex.def Info: ./svg-inkscape/CNC_ali_svg-tex.pdf , page1 used on inp
ut line 56.
(pdftex.def)             Requested size: 192.0548pt x 158.9917pt.
)
Package svg Info: Last page of `./svg-inkscape/buck_svg-tex.pdf' is 1 on input 
line 279.
 (./svg-inkscape/buck_svg-tex.pdf_tex
<./svg-inkscape/buck_svg-tex.pdf, id=1541, page=1, 392.21532pt x 371.1366pt>
File: ./svg-inkscape/buck_svg-tex.pdf Graphic file (type pdf)
<use ./svg-inkscape/buck_svg-tex.pdf, page 1>
Package pdftex.def Info: ./svg-inkscape/buck_svg-tex.pdf , page1 used on input 
line 56.
(pdftex.def)             Requested size: 192.0548pt x 181.73393pt.
)

LaTeX Warning: Float too large for page by 6.77547pt on input line 281.

(./capitulos/disenio.tex
Package svg Info: Last page of `./svg-inkscape/Diseno_electronico_svg-tex.pdf' 
is 1 on input line 20.
 (./svg-inkscape/Diseno_electronico_svg-tex.pdf_tex
<./svg-inkscape/Diseno_electronico_svg-tex.pdf, id=1545, page=1, 526.96875pt x 
718.93594pt>
File: ./svg-inkscape/Diseno_electronico_svg-tex.pdf Graphic file (type pdf)
<use ./svg-inkscape/Diseno_electronico_svg-tex.pdf, page 1>
Package pdftex.def Info: ./svg-inkscape/Diseno_electronico_svg-tex.pdf , page1 
used on input line 56.
(pdftex.def)             Requested size: 384.1096pt x 524.06195pt.
)
LaTeX Info: Redefining \. on input line 34.
LaTeX Info: Redefining \% on input line 34.

[53]
LaTeX Info: Redefining \. on input line 36.
LaTeX Info: Redefining \% on input line 36.
 [54]
LaTeX Info: Redefining \. on input line 36.
LaTeX Info: Redefining \% on input line 36.
 [55 <./svg-inkscape/esp_micro_svg-tex.pdf> <./svg-inkscape/gpsneo_svg-tex.pdf

pdfTeX warning: pdflatex.exe (file ./svg-inkscape/gpsneo_svg-tex.pdf): PDF incl
usion: multiple pdfs with page group included in a single page
> <./svg-inkscape/nema15_svg-tex.pdf

pdfTeX warning: pdflatex.exe (file ./svg-inkscape/nema15_svg-tex.pdf): PDF incl
usion: multiple pdfs with page group included in a single page
> <./svg-inkscape/nema17_svg-tex.pdf

pdfTeX warning: pdflatex.exe (file ./svg-inkscape/nema17_svg-tex.pdf): PDF incl
usion: multiple pdfs with page group included in a single page
> <./svg-inkscape/CNC_ali_svg-tex.pdf

pdfTeX warning: pdflatex.exe (file ./svg-inkscape/CNC_ali_svg-tex.pdf): PDF inc
lusion: multiple pdfs with page group included in a single page
> <./svg-inkscape/buck_svg-tex.pdf

pdfTeX warning: pdflatex.exe (file ./svg-inkscape/buck_svg-tex.pdf): PDF inclus
ion: multiple pdfs with page group included in a single page
>]
LaTeX Info: Redefining \. on input line 36.
LaTeX Info: Redefining \% on input line 36.
 [56 <./svg-inkscape/Diseno_electronico_svg-tex.pdf>]
LaTeX Info: Redefining \. on input line 59.
LaTeX Info: Redefining \% on input line 59.
 [57

]
Package svg Info: Last page of `./svg-inkscape/functional_architecture_svg-tex.
pdf' is 1 on input line 75.

(./svg-inkscape/functional_architecture_svg-tex.pdf_tex
<./svg-inkscape/functional_architecture_svg-tex.pdf, id=1602, page=1, 632.3625p
t x 729.47531pt>
File: ./svg-inkscape/functional_architecture_svg-tex.pdf Graphic file (type pdf
)
<use ./svg-inkscape/functional_architecture_svg-tex.pdf, page 1>
Package pdftex.def Info: ./svg-inkscape/functional_architecture_svg-tex.pdf , p
age1 used on input line 56.
(pdftex.def)             Requested size: 384.1096pt x 443.1093pt.
)
LaTeX Info: Redefining \. on input line 80.
LaTeX Info: Redefining \% on input line 80.
 [58]
Underfull \vbox (badness 10000) has occurred while \output is active []

LaTeX Info: Redefining \. on input line 92.
LaTeX Info: Redefining \% on input line 92.
 [59 <./svg-inkscape/functional_architecture_svg-tex.pdf>]
<figuras/communication.pdf, id=1617, 578.16pt x 379.4175pt>
File: figuras/communication.pdf Graphic file (type pdf)
<use figuras/communication.pdf>
Package pdftex.def Info: figuras/communication.pdf  used on input line 107.
(pdftex.def)             Requested size: 405.45047pt x 266.07674pt.
<figuras/FSM_plantuml.pdf, id=1618, 1038.88126pt x 477.785pt>
File: figuras/FSM_plantuml.pdf Graphic file (type pdf)
<use figuras/FSM_plantuml.pdf>
Package pdftex.def Info: figuras/FSM_plantuml.pdf  used on input line 115.
(pdftex.def)             Requested size: 405.45047pt x 186.46661pt.
<figuras/init_secuence.pdf, id=1621, 602.25pt x 441.65pt>
File: figuras/init_secuence.pdf Graphic file (type pdf)
<use figuras/init_secuence.pdf>
Package pdftex.def Info: figuras/init_secuence.pdf  used on input line 128.
(pdftex.def)             Requested size: 405.45047pt x 297.33937pt.
<figuras/init_secuence_UML.pdf, id=1622, 612.2875pt x 246.9225pt>
File: figuras/init_secuence_UML.pdf Graphic file (type pdf)
<use figuras/init_secuence_UML.pdf>
Package pdftex.def Info: figuras/init_secuence_UML.pdf  used on input line 137.

(pdftex.def)             Requested size: 405.45047pt x 163.50812pt.
<figuras/config_data.pdf, id=1623, 632.3625pt x 528.97626pt>
File: figuras/config_data.pdf Graphic file (type pdf)
<use figuras/config_data.pdf>
Package pdftex.def Info: figuras/config_data.pdf  used on input line 144.
(pdftex.def)             Requested size: 405.45047pt x 339.16515pt.
LaTeX Info: Redefining \. on input line 155.
LaTeX Info: Redefining \% on input line 155.
 [60]
LaTeX Info: Redefining \. on input line 158.
LaTeX Info: Redefining \% on input line 158.
 [61 <./figuras/communication.pdf>]
LaTeX Info: Redefining \. on input line 158.
LaTeX Info: Redefining \% on input line 158.
 [62 <./figuras/FSM_plantuml.pdf> <./figuras/init_secuence.pdf

pdfTeX warning: pdflatex.exe (file ./figuras/init_secuence.pdf): PDF inclusion:
 multiple pdfs with page group included in a single page
>]
LaTeX Info: Redefining \. on input line 158.
LaTeX Info: Redefining \% on input line 158.
 [63 <./figuras/init_secuence_UML.pdf> <./figuras/config_data.pdf

pdfTeX warning: pdflatex.exe (file ./figuras/config_data.pdf): PDF inclusion: m
ultiple pdfs with page group included in a single page
>]
Package svg Info: Last page of `./svg-inkscape/auto_mode_svg-tex.pdf' is 1 on i
nput line 210.
 (./svg-inkscape/auto_mode_svg-tex.pdf_tex
<./svg-inkscape/auto_mode_svg-tex.pdf, id=1682, page=1, 399.99208pt x 388.47716
pt>
File: ./svg-inkscape/auto_mode_svg-tex.pdf Graphic file (type pdf)
<use ./svg-inkscape/auto_mode_svg-tex.pdf, page 1>
Package pdftex.def Info: ./svg-inkscape/auto_mode_svg-tex.pdf , page1 used on i
nput line 56.
(pdftex.def)             Requested size: 384.1096pt x 373.07018pt.
)
<figuras/AutoMode_DFD.pdf, id=1683, 551.05875pt x 302.12875pt>
File: figuras/AutoMode_DFD.pdf Graphic file (type pdf)
<use figuras/AutoMode_DFD.pdf>
Package pdftex.def Info: figuras/AutoMode_DFD.pdf  used on input line 218.
(pdftex.def)             Requested size: 384.1096pt x 210.60353pt.
LaTeX Info: Redefining \. on input line 223.
LaTeX Info: Redefining \% on input line 223.
 [64

]
LaTeX Info: Redefining \. on input line 223.
LaTeX Info: Redefining \% on input line 223.
 [65 <./svg-inkscape/auto_mode_svg-tex.pdf> <./figuras/AutoMode_DFD.pdf

pdfTeX warning: pdflatex.exe (file ./figuras/AutoMode_DFD.pdf): PDF inclusion: 
multiple pdfs with page group included in a single page
>]
<figuras/EphMode.pdf, id=1715, 507.8975pt x 295.1025pt>
File: figuras/EphMode.pdf Graphic file (type pdf)
<use figuras/EphMode.pdf>
Package pdftex.def Info: figuras/EphMode.pdf  used on input line 248.
(pdftex.def)             Requested size: 405.45047pt x 235.58699pt.
<figuras/ManualMode_DOF.pdf, id=1716, 275.0275pt x 62.2325pt>
File: figuras/ManualMode_DOF.pdf Graphic file (type pdf)
<use figuras/ManualMode_DOF.pdf>
Package pdftex.def Info: figuras/ManualMode_DOF.pdf  used on input line 255.
(pdftex.def)             Requested size: 405.45047pt x 91.7532pt.
LaTeX Info: Redefining \. on input line 258.
LaTeX Info: Redefining \% on input line 258.
 [66

 <./figuras/EphMode.pdf>]
<figuras/manual_eph_mode.pdf, id=1731, 436.63126pt x 282.05376pt>
File: figuras/manual_eph_mode.pdf Graphic file (type pdf)
<use figuras/manual_eph_mode.pdf>
Package pdftex.def Info: figuras/manual_eph_mode.pdf  used on input line 261.
(pdftex.def)             Requested size: 405.45047pt x 261.91132pt.
Package svg Info: Last page of `./svg-inkscape/i_config_svg-tex.pdf' is 1 on in
put line 277.
 (./svg-inkscape/i_config_svg-tex.pdf_tex
<./svg-inkscape/i_config_svg-tex.pdf, id=1734, page=1, 347.0466pt x 590.95781pt
>
File: ./svg-inkscape/i_config_svg-tex.pdf Graphic file (type pdf)
<use ./svg-inkscape/i_config_svg-tex.pdf, page 1>
Package pdftex.def Info: ./svg-inkscape/i_config_svg-tex.pdf , page1 used on in
put line 56.
(pdftex.def)             Requested size: 192.0548pt x 327.04767pt.
)
Package svg Info: Last page of `./svg-inkscape/i_status_svg-tex.pdf' is 1 on in
put line 281.

(./svg-inkscape/i_status_svg-tex.pdf_tex
<./svg-inkscape/i_status_svg-tex.pdf, id=1736, page=1, 487.06969pt x 799.48688p
t>
File: ./svg-inkscape/i_status_svg-tex.pdf Graphic file (type pdf)
<use ./svg-inkscape/i_status_svg-tex.pdf, page 1>
Package pdftex.def Info: ./svg-inkscape/i_status_svg-tex.pdf , page1 used on in
put line 56.
(pdftex.def)             Requested size: 192.0548pt x 315.23878pt.
)
Package svg Info: Last page of `./svg-inkscape/i_eph_svg-tex.pdf' is 1 on input
 line 286.
 (./svg-inkscape/i_eph_svg-tex.pdf_tex
<./svg-inkscape/i_eph_svg-tex.pdf, id=1738, page=1, 373.395pt x 250.68655pt>
File: ./svg-inkscape/i_eph_svg-tex.pdf Graphic file (type pdf)
<use ./svg-inkscape/i_eph_svg-tex.pdf, page 1>
Package pdftex.def Info: ./svg-inkscape/i_eph_svg-tex.pdf , page1 used on input
 line 56.
(pdftex.def)             Requested size: 192.0548pt x 128.93861pt.
)
Package svg Info: Last page of `./svg-inkscape/i_manual_svg-tex.pdf' is 1 on in
put line 290.
 (./svg-inkscape/i_manual_svg-tex.pdf_tex
<./svg-inkscape/i_manual_svg-tex.pdf, id=1740, page=1, 559.81834pt x 537.10268p
t>
File: ./svg-inkscape/i_manual_svg-tex.pdf Graphic file (type pdf)
<use ./svg-inkscape/i_manual_svg-tex.pdf, page 1>
Package pdftex.def Info: ./svg-inkscape/i_manual_svg-tex.pdf , page1 used on in
put line 56.
(pdftex.def)             Requested size: 192.0548pt x 184.25978pt.
)
Package svg Info: Last page of `./svg-inkscape/i_boton_svg-tex.pdf' is 1 on inp
ut line 295.

(./svg-inkscape/i_boton_svg-tex.pdf_tex
<./svg-inkscape/i_boton_svg-tex.pdf, id=1742, page=1, 585.33745pt x 151.38158pt
>
File: ./svg-inkscape/i_boton_svg-tex.pdf Graphic file (type pdf)
<use ./svg-inkscape/i_boton_svg-tex.pdf, page 1>
Package pdftex.def Info: ./svg-inkscape/i_boton_svg-tex.pdf , page1 used on inp
ut line 56.
(pdftex.def)             Requested size: 341.43437pt x 88.30492pt.
)

LaTeX Warning: Float too large for page by 9.76903pt on input line 300.

))
LaTeX Info: Redefining \. on input line 100.
LaTeX Info: Redefining \% on input line 100.
 [67 <./figuras/ManualMode_DOF.pdf> <./figuras/manual_eph_mode.pdf

pdfTeX warning: pdflatex.exe (file ./figuras/manual_eph_mode.pdf): PDF inclusio
n: multiple pdfs with page group included in a single page
>]
LaTeX Info: Redefining \. on input line 100.
LaTeX Info: Redefining \% on input line 100.
 [68 <./svg-inkscape/i_config_svg-tex.pdf> <./svg-inkscape/i_status_svg-tex.pdf


pdfTeX warning: pdflatex.exe (file ./svg-inkscape/i_status_svg-tex.pdf): PDF in
clusion: multiple pdfs with page group included in a single page
> <./svg-inkscape/i_eph_svg-tex.pdf

pdfTeX warning: pdflatex.exe (file ./svg-inkscape/i_eph_svg-tex.pdf): PDF inclu
sion: multiple pdfs with page group included in a single page
> <./svg-inkscape/i_manual_svg-tex.pdf

pdfTeX warning: pdflatex.exe (file ./svg-inkscape/i_manual_svg-tex.pdf): PDF in
clusion: multiple pdfs with page group included in a single page
> <./svg-inkscape/i_boton_svg-tex.pdf

pdfTeX warning: pdflatex.exe (file ./svg-inkscape/i_boton_svg-tex.pdf): PDF inc
lusion: multiple pdfs with page group included in a single page
>]
\openout2 = `capitulos/implementacion.aux'.

 (./capitulos/implementacion.tex
Cap\'{\i }tulo 6.
[69




]
LaTeX Info: Redefining \. on input line 47.
LaTeX Info: Redefining \% on input line 47.
 [70] (./capitulos/resultados.tex
LaTeX Info: Redefining \. on input line 29.
LaTeX Info: Redefining \% on input line 29.
 [71]
<figuras/dm1.jpg, id=1813, 3083.52pt x 4111.36pt>
File: figuras/dm1.jpg Graphic file (type jpg)
<use figuras/dm1.jpg>
Package pdftex.def Info: figuras/dm1.jpg  used on input line 41.
(pdftex.def)             Requested size: 192.0548pt x 256.01836pt.
<figuras/dm2.jpg, id=1814, 3083.52pt x 4111.36pt>
File: figuras/dm2.jpg Graphic file (type jpg)
<use figuras/dm2.jpg>
Package pdftex.def Info: figuras/dm2.jpg  used on input line 46.
(pdftex.def)             Requested size: 192.0548pt x 256.01836pt.
<figuras/dm3.jpg, id=1815, 3083.52pt x 4111.36pt>
File: figuras/dm3.jpg Graphic file (type jpg)
<use figuras/dm3.jpg>
Package pdftex.def Info: figuras/dm3.jpg  used on input line 52.
(pdftex.def)             Requested size: 192.0548pt x 256.01836pt.
<figuras/dm4.jpg, id=1816, 3083.52pt x 4111.36pt>
File: figuras/dm4.jpg Graphic file (type jpg)
<use figuras/dm4.jpg>
Package pdftex.def Info: figuras/dm4.jpg  used on input line 57.
(pdftex.def)             Requested size: 192.0548pt x 256.01836pt.
<figuras/dm5.jpg, id=1817, 3083.52pt x 4111.36pt>
File: figuras/dm5.jpg Graphic file (type jpg)
<use figuras/dm5.jpg>
Package pdftex.def Info: figuras/dm5.jpg  used on input line 68.
(pdftex.def)             Requested size: 192.0548pt x 256.01836pt.
<figuras/pmm_referencia_vertical.jpg, id=1821, 3083.52pt x 4111.36pt>
File: figuras/pmm_referencia_vertical.jpg Graphic file (type jpg)
<use figuras/pmm_referencia_vertical.jpg>
Package pdftex.def Info: figuras/pmm_referencia_vertical.jpg  used on input lin
e 94.
(pdftex.def)             Requested size: 192.0548pt x 256.01836pt.
<figuras/pmm_referencia_horizontal.jpg, id=1822, 3083.52pt x 4111.36pt>
File: figuras/pmm_referencia_horizontal.jpg Graphic file (type jpg)
<use figuras/pmm_referencia_horizontal.jpg>
Package pdftex.def Info: figuras/pmm_referencia_horizontal.jpg  used on input l
ine 97.
(pdftex.def)             Requested size: 192.0548pt x 256.01836pt.
Package svg Info: Last page of `./svg-inkscape/pmmvd_svg-tex.pdf' is 1 on input
 line 119.

(./svg-inkscape/pmmvd_svg-tex.pdf_tex
<./svg-inkscape/pmmvd_svg-tex.pdf, id=1824, page=1, 2312.64pt x 3083.52pt>
File: ./svg-inkscape/pmmvd_svg-tex.pdf Graphic file (type pdf)
<use ./svg-inkscape/pmmvd_svg-tex.pdf, page 1>
Package pdftex.def Info: ./svg-inkscape/pmmvd_svg-tex.pdf , page1 used on input
 line 56.
(pdftex.def)             Requested size: 192.0548pt x 256.04973pt.
)
Package svg Info: Calling Inkscape on input line 122.
runsystem(inkscape "figuras/pmmhd.svg" -D --export-latex --export-filename="pmm
hd_svg-tex.pdf")...executed.

runsystem(if not exist "./svg-inkscape/" mkdir "./svg-inkscape/")...executed.

runsystem(move "pmmhd_svg-tex.pdf" "./svg-inkscape/pmmhd_svg-tex.pdf")...execut
ed.

runsystem(move "pmmhd_svg-tex.pdf_tex" "./svg-inkscape/pmmhd_svg-tex.pdf_tex").
..executed.

Package svg Info: Last page of `./svg-inkscape/pmmhd_svg-tex.pdf' is 1 on input
 line 122.
 (./svg-inkscape/pmmhd_svg-tex.pdf_tex
<./svg-inkscape/pmmhd_svg-tex.pdf, id=1826, page=1, 2312.64pt x 3083.52pt>
File: ./svg-inkscape/pmmhd_svg-tex.pdf Graphic file (type pdf)
<use ./svg-inkscape/pmmhd_svg-tex.pdf, page 1>
Package pdftex.def Info: ./svg-inkscape/pmmhd_svg-tex.pdf , page1 used on input
 line 56.
(pdftex.def)             Requested size: 192.0548pt x 256.04973pt.
)

! Package svg Error: File `pmmve.svg' is missing.

See the svg package documentation for explanation.
Type  H <return>  for immediate help.
 ...                                              
                                                  
l.132 		}
         
There's no file `pmmve.svg'
in folder `figuras/'.


Overfull \hbox (3.72238pt too wide) in paragraph at lines 132--132
[]\OT1/cmr/m/n/8 (e)
 []


Overfull \hbox (13.46338pt too wide) in paragraph at lines 132--132
|$\OML/cmm/m/it/8 X[] \OT1/cmr/m/n/8 =
 []


Overfull \hbox (8.44467pt too wide) in paragraph at lines 132--132
\OT1/cmr/m/n/8 27 \OMS/cmsy/m/n/8 ^^@
 []


Overfull \hbox (10.80582pt too wide) in paragraph at lines 132--132
\OT1/cmr/m/n/8 10 =
 []


Overfull \hbox (17.41702pt too wide) in paragraph at lines 132--132
\OT1/cmr/m/n/8 17 []$| 
 []


! Package svg Error: File `pmmhe.svg' is missing.

See the svg package documentation for explanation.
Type  H <return>  for immediate help.
 ...                                              
                                                  
l.135 		}
         
There's no file `pmmhe.svg'
in folder `figuras/'.


Overfull \hbox (3.17375pt too wide) in paragraph at lines 135--135
[]\OT1/cmr/m/n/8 (f)
 []


Overfull \hbox (12.2321pt too wide) in paragraph at lines 135--135
|$\OML/cmm/m/it/8 Z[] \OT1/cmr/m/n/8 =
 []


Overfull \hbox (8.44467pt too wide) in paragraph at lines 135--135
\OT1/cmr/m/n/8 85 \OMS/cmsy/m/n/8 ^^@
 []


Overfull \hbox (10.80582pt too wide) in paragraph at lines 135--135
\OT1/cmr/m/n/8 27 =
 []


Overfull \hbox (17.41702pt too wide) in paragraph at lines 135--135
\OT1/cmr/m/n/8 58 []$| 
 []

Package svg Info: Last page of `./svg-inkscape/Caso_a_eph_interface_svg-tex.pdf
' is 1 on input line 153.
(./svg-inkscape/Caso_a_eph_interface_svg-tex.pdf_tex
<./svg-inkscape/Caso_a_eph_interface_svg-tex.pdf, id=1828, page=1, 326.72063pt 
x 472.76628pt>
File: ./svg-inkscape/Caso_a_eph_interface_svg-tex.pdf Graphic file (type pdf)
<use ./svg-inkscape/Caso_a_eph_interface_svg-tex.pdf, page 1>
Package pdftex.def Info: ./svg-inkscape/Caso_a_eph_interface_svg-tex.pdf , page
1 used on input line 56.
(pdftex.def)             Requested size: 192.0548pt x 277.8981pt.
)
<figuras/pmeva.jpg, id=1829, 3083.52pt x 4111.36pt>
File: figuras/pmeva.jpg Graphic file (type jpg)
<use figuras/pmeva.jpg>
Package pdftex.def Info: figuras/pmeva.jpg  used on input line 157.
(pdftex.def)             Requested size: 192.0548pt x 256.01836pt.
<figuras/pmeha.jpg, id=1830, 3083.52pt x 4111.36pt>
File: figuras/pmeha.jpg Graphic file (type jpg)
<use figuras/pmeha.jpg>
Package pdftex.def Info: figuras/pmeha.jpg  used on input line 160.
(pdftex.def)             Requested size: 192.0548pt x 256.01836pt.
Package svg Info: Last page of `./svg-inkscape/Caso_b_eph_interface_svg-tex.pdf
' is 1 on input line 176.

(./svg-inkscape/Caso_b_eph_interface_svg-tex.pdf_tex
<./svg-inkscape/Caso_b_eph_interface_svg-tex.pdf, id=1832, page=1, 310.91156pt 
x 485.56406pt>
File: ./svg-inkscape/Caso_b_eph_interface_svg-tex.pdf Graphic file (type pdf)
<use ./svg-inkscape/Caso_b_eph_interface_svg-tex.pdf, page 1>
Package pdftex.def Info: ./svg-inkscape/Caso_b_eph_interface_svg-tex.pdf , page
1 used on input line 56.
(pdftex.def)             Requested size: 192.0548pt x 299.94264pt.
)
<figuras/pmevb.jpg, id=1833, 3083.52pt x 4111.36pt>
File: figuras/pmevb.jpg Graphic file (type jpg)
<use figuras/pmevb.jpg>
Package pdftex.def Info: figuras/pmevb.jpg  used on input line 180.
(pdftex.def)             Requested size: 192.0548pt x 256.01836pt.
<figuras/pmehb.jpg, id=1834, 3083.52pt x 4111.36pt>
File: figuras/pmehb.jpg Graphic file (type jpg)
<use figuras/pmehb.jpg>
Package pdftex.def Info: figuras/pmehb.jpg  used on input line 183.
(pdftex.def)             Requested size: 192.0548pt x 256.01836pt.
Package svg Info: Last page of `./svg-inkscape/inicio_precision_auo_svg-tex.pdf
' is 1 on input line 201.

(./svg-inkscape/inicio_precision_auo_svg-tex.pdf_tex
<./svg-inkscape/inicio_precision_auo_svg-tex.pdf, id=1836, page=1, 311.66437pt 
x 465.23813pt>
File: ./svg-inkscape/inicio_precision_auo_svg-tex.pdf Graphic file (type pdf)
<use ./svg-inkscape/inicio_precision_auo_svg-tex.pdf, page 1>
Package pdftex.def Info: ./svg-inkscape/inicio_precision_auo_svg-tex.pdf , page
1 used on input line 56.
(pdftex.def)             Requested size: 192.0548pt x 286.69121pt.
)
<figuras/pmavi.jpg, id=1837, 3083.52pt x 4111.36pt>
File: figuras/pmavi.jpg Graphic file (type jpg)
<use figuras/pmavi.jpg>
Package pdftex.def Info: figuras/pmavi.jpg  used on input line 205.
(pdftex.def)             Requested size: 192.0548pt x 256.01836pt.
<figuras/pmahi.jpg, id=1838, 3083.52pt x 4111.36pt>
File: figuras/pmahi.jpg Graphic file (type jpg)
<use figuras/pmahi.jpg>
Package pdftex.def Info: figuras/pmahi.jpg  used on input line 208.
(pdftex.def)             Requested size: 192.0548pt x 256.01836pt.
Package svg Info: Last page of `./svg-inkscape/fin_precision_auo_svg-tex.pdf' i
s 1 on input line 222.

(./svg-inkscape/fin_precision_auo_svg-tex.pdf_tex
<./svg-inkscape/fin_precision_auo_svg-tex.pdf, id=1840, page=1, 284.56313pt x 4
82.55281pt>
File: ./svg-inkscape/fin_precision_auo_svg-tex.pdf Graphic file (type pdf)
<use ./svg-inkscape/fin_precision_auo_svg-tex.pdf, page 1>
Package pdftex.def Info: ./svg-inkscape/fin_precision_auo_svg-tex.pdf , page1 u
sed on input line 56.
(pdftex.def)             Requested size: 192.0548pt x 325.69435pt.
)
<figuras/pmavf.jpg, id=1841, 3083.52pt x 4111.36pt>
File: figuras/pmavf.jpg Graphic file (type jpg)
<use figuras/pmavf.jpg>
Package pdftex.def Info: figuras/pmavf.jpg  used on input line 226.
(pdftex.def)             Requested size: 192.0548pt x 256.01836pt.
<figuras/pmahf.jpg, id=1842, 3083.52pt x 3918.64pt>
File: figuras/pmahf.jpg Graphic file (type jpg)
<use figuras/pmahf.jpg>
Package pdftex.def Info: figuras/pmahf.jpg  used on input line 229.
(pdftex.def)             Requested size: 192.0548pt x 244.0175pt.
<figuras/error_pad_dual.jpg, id=1845, 4111.36pt x 3083.52pt>
File: figuras/error_pad_dual.jpg Graphic file (type jpg)
<use figuras/error_pad_dual.jpg>
Package pdftex.def Info: figuras/error_pad_dual.jpg  used on input line 247.
(pdftex.def)             Requested size: 320.0935pt x 240.05249pt.
Package svg Info: Last page of `./svg-inkscape/error_posicion_svg-tex.pdf' is 1
 on input line 251.

(./svg-inkscape/error_posicion_svg-tex.pdf_tex
<./svg-inkscape/error_posicion_svg-tex.pdf, id=1847, page=1, 271.0125pt x 279.2
9344pt>
File: ./svg-inkscape/error_posicion_svg-tex.pdf Graphic file (type pdf)
<use ./svg-inkscape/error_posicion_svg-tex.pdf, page 1>
Package pdftex.def Info: ./svg-inkscape/error_posicion_svg-tex.pdf , page1 used
 on input line 56.
(pdftex.def)             Requested size: 170.71393pt x 175.93448pt.
)
<figuras/error_cm.jpg, id=1848, 3083.52pt x 4111.36pt>
File: figuras/error_cm.jpg Graphic file (type jpg)
<use figuras/error_cm.jpg>
Package pdftex.def Info: figuras/error_cm.jpg  used on input line 254.
(pdftex.def)             Requested size: 170.71393pt x 227.59975pt.
LaTeX Info: Redefining \. on input line 273.
LaTeX Info: Redefining \% on input line 273.
 [72]
Package svg Info: Last page of `./svg-inkscape/autovseph_svg-tex.pdf' is 1 on i
nput line 357.

(./svg-inkscape/autovseph_svg-tex.pdf_tex
<./svg-inkscape/autovseph_svg-tex.pdf, id=1861, page=1, 422.32782pt x 904.88063
pt>
File: ./svg-inkscape/autovseph_svg-tex.pdf Graphic file (type pdf)
<use ./svg-inkscape/autovseph_svg-tex.pdf, page 1>
Package pdftex.def Info: ./svg-inkscape/autovseph_svg-tex.pdf , page1 used on i
nput line 56.
(pdftex.def)             Requested size: 192.0548pt x 411.50041pt.
)
Package svg Info: Last page of `./svg-inkscape/ephvsauto_svg-tex.pdf' is 1 on i
nput line 361.

(./svg-inkscape/ephvsauto_svg-tex.pdf_tex
<./svg-inkscape/ephvsauto_svg-tex.pdf, id=1863, page=1, 496.85625pt x 919.18407
pt>
File: ./svg-inkscape/ephvsauto_svg-tex.pdf Graphic file (type pdf)
<use ./svg-inkscape/ephvsauto_svg-tex.pdf, page 1>
Package pdftex.def Info: ./svg-inkscape/ephvsauto_svg-tex.pdf , page1 used on i
nput line 56.
(pdftex.def)             Requested size: 192.0548pt x 355.29652pt.
)
LaTeX Info: Redefining \. on input line 369.
LaTeX Info: Redefining \% on input line 369.
 [73]
Package svg Info: Last page of `./svg-inkscape/corriente_tiempo_svg-tex.pdf' is
 1 on input line 400.

(./svg-inkscape/corriente_tiempo_svg-tex.pdf_tex
<./svg-inkscape/corriente_tiempo_svg-tex.pdf, id=1874, page=1, 577.23582pt x 17
1.09639pt>
File: ./svg-inkscape/corriente_tiempo_svg-tex.pdf Graphic file (type pdf)
<use ./svg-inkscape/corriente_tiempo_svg-tex.pdf, page 1>
Package pdftex.def Info: ./svg-inkscape/corriente_tiempo_svg-tex.pdf , page1 us
ed on input line 56.
(pdftex.def)             Requested size: 405.45047pt x 120.17914pt.
)

LaTeX Warning: `h' float specifier changed to `ht'.

LaTeX Info: Redefining \. on input line 441.
LaTeX Info: Redefining \% on input line 441.
[74]))
LaTeX Info: Redefining \. on input line 103.
LaTeX Info: Redefining \% on input line 103.
 [75]
LaTeX Info: Redefining \. on input line 103.
LaTeX Info: Redefining \% on input line 103.
 [76 <./figuras/dm1.jpg> <./figuras/dm2.jpg> <./figuras/dm3.jpg> <./figuras/dm4
.jpg>]
LaTeX Info: Redefining \. on input line 103.
LaTeX Info: Redefining \% on input line 103.
 [77
pdfTeX warning (ext4): destination with the same identifier (name{subfigure.6.1
.1}) has been already used, duplicate ignored
<argument> ...shipout:D \box_use:N \l_shipout_box 
                                                  \__shipout_drop_firstpage_...
l.103 \include{capitulos/implementacion}
                                        
pdfTeX warning (ext4): destination with the same identifier (name{subfigure.6.1
.2}) has been already used, duplicate ignored
<argument> ...shipout:D \box_use:N \l_shipout_box 
                                                  \__shipout_drop_firstpage_...
l.103 \include{capitulos/implementacion}
                                         <./figuras/dm5.jpg> <./figuras/pmm_ref
erencia_vertical.jpg> <./figuras/pmm_referencia_horizontal.jpg>]
LaTeX Info: Redefining \. on input line 103.
LaTeX Info: Redefining \% on input line 103.
 [78
pdfTeX warning (ext4): destination with the same identifier (name{subfigure.6.0
.5}) has been already used, duplicate ignored
<argument> ...shipout:D \box_use:N \l_shipout_box 
                                                  \__shipout_drop_firstpage_...
l.103 \include{capitulos/implementacion}
                                         <./svg-inkscape/pmmvd_svg-tex.pdf> <./
svg-inkscape/pmmhd_svg-tex.pdf

pdfTeX warning: pdflatex.exe (file ./svg-inkscape/pmmhd_svg-tex.pdf): PDF inclu
sion: multiple pdfs with page group included in a single page
>]
LaTeX Info: Redefining \. on input line 103.
LaTeX Info: Redefining \% on input line 103.
 [79
pdfTeX warning (ext4): destination with the same identifier (name{subfigure.6.1
.1}) has been already used, duplicate ignored
<argument> ...shipout:D \box_use:N \l_shipout_box 
                                                  \__shipout_drop_firstpage_...
l.103 \include{capitulos/implementacion}
                                        
pdfTeX warning (ext4): destination with the same identifier (name{subfigure.6.1
.2}) has been already used, duplicate ignored
<argument> ...shipout:D \box_use:N \l_shipout_box 
                                                  \__shipout_drop_firstpage_...
l.103 \include{capitulos/implementacion}
                                        
pdfTeX warning (ext4): destination with the same identifier (name{subfigure.6.1
.3}) has been already used, duplicate ignored
<argument> ...shipout:D \box_use:N \l_shipout_box 
                                                  \__shipout_drop_firstpage_...
l.103 \include{capitulos/implementacion}
                                         <./svg-inkscape/Caso_a_eph_interface_s
vg-tex.pdf> <./figuras/pmeva.jpg> <./figuras/pmeha.jpg>]
LaTeX Info: Redefining \. on input line 103.
LaTeX Info: Redefining \% on input line 103.
 [80
pdfTeX warning (ext4): destination with the same identifier (name{subfigure.6.0
.4}) has been already used, duplicate ignored
<argument> ...shipout:D \box_use:N \l_shipout_box 
                                                  \__shipout_drop_firstpage_...
l.103 \include{capitulos/implementacion}
                                        
pdfTeX warning (ext4): destination with the same identifier (name{subfigure.6.0
.5}) has been already used, duplicate ignored
<argument> ...shipout:D \box_use:N \l_shipout_box 
                                                  \__shipout_drop_firstpage_...
l.103 \include{capitulos/implementacion}
                                        
pdfTeX warning (ext4): destination with the same identifier (name{subfigure.6.0
.6}) has been already used, duplicate ignored
<argument> ...shipout:D \box_use:N \l_shipout_box 
                                                  \__shipout_drop_firstpage_...
l.103 \include{capitulos/implementacion}
                                         <./svg-inkscape/Caso_b_eph_interface_s
vg-tex.pdf> <./figuras/pmevb.jpg> <./figuras/pmehb.jpg>]
LaTeX Info: Redefining \. on input line 103.
LaTeX Info: Redefining \% on input line 103.
 [81
pdfTeX warning (ext4): destination with the same identifier (name{subfigure.6.1
.1}) has been already used, duplicate ignored
<argument> ...shipout:D \box_use:N \l_shipout_box 
                                                  \__shipout_drop_firstpage_...
l.103 \include{capitulos/implementacion}
                                        
pdfTeX warning (ext4): destination with the same identifier (name{subfigure.6.1
.2}) has been already used, duplicate ignored
<argument> ...shipout:D \box_use:N \l_shipout_box 
                                                  \__shipout_drop_firstpage_...
l.103 \include{capitulos/implementacion}
                                        
pdfTeX warning (ext4): destination with the same identifier (name{subfigure.6.1
.3}) has been already used, duplicate ignored
<argument> ...shipout:D \box_use:N \l_shipout_box 
                                                  \__shipout_drop_firstpage_...
l.103 \include{capitulos/implementacion}
                                         <./svg-inkscape/inicio_precision_auo_s
vg-tex.pdf> <./figuras/pmavi.jpg> <./figuras/pmahi.jpg>]
LaTeX Info: Redefining \. on input line 103.
LaTeX Info: Redefining \% on input line 103.
 [82
pdfTeX warning (ext4): destination with the same identifier (name{subfigure.6.0
.4}) has been already used, duplicate ignored
<argument> ...shipout:D \box_use:N \l_shipout_box 
                                                  \__shipout_drop_firstpage_...
l.103 \include{capitulos/implementacion}
                                        
pdfTeX warning (ext4): destination with the same identifier (name{subfigure.6.0
.5}) has been already used, duplicate ignored
<argument> ...shipout:D \box_use:N \l_shipout_box 
                                                  \__shipout_drop_firstpage_...
l.103 \include{capitulos/implementacion}
                                        
pdfTeX warning (ext4): destination with the same identifier (name{subfigure.6.0
.6}) has been already used, duplicate ignored
<argument> ...shipout:D \box_use:N \l_shipout_box 
                                                  \__shipout_drop_firstpage_...
l.103 \include{capitulos/implementacion}
                                         <./svg-inkscape/fin_precision_auo_svg-
tex.pdf> <./figuras/pmavf.jpg> <./figuras/pmahf.jpg>]
LaTeX Info: Redefining \. on input line 103.
LaTeX Info: Redefining \% on input line 103.
 [83
pdfTeX warning (ext4): destination with the same identifier (name{subfigure.6.1
.1}) has been already used, duplicate ignored
<argument> ...shipout:D \box_use:N \l_shipout_box 
                                                  \__shipout_drop_firstpage_...
l.103 \include{capitulos/implementacion}
                                        
pdfTeX warning (ext4): destination with the same identifier (name{subfigure.6.1
.2}) has been already used, duplicate ignored
<argument> ...shipout:D \box_use:N \l_shipout_box 
                                                  \__shipout_drop_firstpage_...
l.103 \include{capitulos/implementacion}
                                        
pdfTeX warning (ext4): destination with the same identifier (name{subfigure.6.1
.3}) has been already used, duplicate ignored
<argument> ...shipout:D \box_use:N \l_shipout_box 
                                                  \__shipout_drop_firstpage_...
l.103 \include{capitulos/implementacion}
                                         <./figuras/error_pad_dual.jpg> <./svg-
inkscape/error_posicion_svg-tex.pdf> <./figuras/error_cm.jpg>]
LaTeX Info: Redefining \. on input line 103.
LaTeX Info: Redefining \% on input line 103.
 [84 <./svg-inkscape/autovseph_svg-tex.pdf> <./svg-inkscape/ephvsauto_svg-tex.p
df

pdfTeX warning: pdflatex.exe (file ./svg-inkscape/ephvsauto_svg-tex.pdf): PDF i
nclusion: multiple pdfs with page group included in a single page
> <./svg-inkscape/corriente_tiempo_svg-tex.pdf

pdfTeX warning: pdflatex.exe (file ./svg-inkscape/corriente_tiempo_svg-tex.pdf)
: PDF inclusion: multiple pdfs with page group included in a single page
>]
\openout2 = `capitulos/conclusion.aux'.

 (./capitulos/conclusion.tex
Cap\'{\i }tulo 7.
[85




]
LaTeX Info: Redefining \. on input line 48.
LaTeX Info: Redefining \% on input line 48.
 [86])
LaTeX Info: Redefining \. on input line 109.
LaTeX Info: Redefining \% on input line 109.
 [87]
\openout2 = `capitulos/anexo.aux'.

 (./capitulos/anexo.tex
LaTeX Info: Redefining \. on input line 3.
LaTeX Info: Redefining \% on input line 3.
 [88




]
Ap\'{e}ndice A.
<figuras/pmmvb.jpg, id=2020, 3083.52pt x 4111.36pt>
File: figuras/pmmvb.jpg Graphic file (type jpg)
<use figuras/pmmvb.jpg>
Package pdftex.def Info: figuras/pmmvb.jpg  used on input line 11.
(pdftex.def)             Requested size: 192.0548pt x 256.01836pt.
<figuras/pmmhb.jpg, id=2021, 3083.52pt x 4111.36pt>
File: figuras/pmmhb.jpg Graphic file (type jpg)
<use figuras/pmmhb.jpg>
Package pdftex.def Info: figuras/pmmhb.jpg  used on input line 14.
(pdftex.def)             Requested size: 192.0548pt x 256.01836pt.
<figuras/pmmvc.jpg, id=2022, 3083.52pt x 4111.36pt>
File: figuras/pmmvc.jpg Graphic file (type jpg)
<use figuras/pmmvc.jpg>
Package pdftex.def Info: figuras/pmmvc.jpg  used on input line 26.
(pdftex.def)             Requested size: 192.0548pt x 256.01836pt.
<figuras/pmmhc.jpg, id=2023, 3083.52pt x 4111.36pt>
File: figuras/pmmhc.jpg Graphic file (type jpg)
<use figuras/pmmhc.jpg>
Package pdftex.def Info: figuras/pmmhc.jpg  used on input line 29.
(pdftex.def)             Requested size: 192.0548pt x 256.01836pt.
<figuras/pmmva.jpg, id=2024, 3083.52pt x 4111.36pt>
File: figuras/pmmva.jpg Graphic file (type jpg)
<use figuras/pmmva.jpg>
Package pdftex.def Info: figuras/pmmva.jpg  used on input line 40.
(pdftex.def)             Requested size: 192.0548pt x 256.01836pt.
<figuras/pmmha.jpg, id=2025, 3083.52pt x 4111.36pt>
File: figuras/pmmha.jpg Graphic file (type jpg)
<use figuras/pmmha.jpg>
Package pdftex.def Info: figuras/pmmha.jpg  used on input line 43.
(pdftex.def)             Requested size: 192.0548pt x 256.01836pt.
<figuras/datasheet_NEO-6.pdf, id=2026, page=1, 597.50829pt x 845.0471pt>
File: figuras/datasheet_NEO-6.pdf Graphic file (type pdf)
<use figuras/datasheet_NEO-6.pdf, page 1>
Package pdftex.def Info: figuras/datasheet_NEO-6.pdf , page1 used on input line
 58.
(pdftex.def)             Requested size: 422.52577pt x 597.5764pt.

Overfull \hbox (2.40108pt too wide) in paragraph at lines 58--59
 [][][] 
 []

<figuras/datasheet_NEO-6.pdf, id=2027, page=2, 597.50829pt x 845.0471pt>
File: figuras/datasheet_NEO-6.pdf Graphic file (type pdf)
<use figuras/datasheet_NEO-6.pdf, page 2>
Package pdftex.def Info: figuras/datasheet_NEO-6.pdf , page2 used on input line
 66.
(pdftex.def)             Requested size: 422.52577pt x 597.5764pt.

Overfull \hbox (2.40108pt too wide) in paragraph at lines 66--67
 [][] 
 []

Package svg Info: Last page of `./svg-inkscape/data_nema17_svg-tex.pdf' is 1 on
 input line 76.
(./svg-inkscape/data_nema17_svg-tex.pdf_tex
<./svg-inkscape/data_nema17_svg-tex.pdf, id=2029, page=1, 591.81177pt x 433.399
35pt>
File: ./svg-inkscape/data_nema17_svg-tex.pdf Graphic file (type pdf)
<use ./svg-inkscape/data_nema17_svg-tex.pdf, page 1>
Package pdftex.def Info: ./svg-inkscape/data_nema17_svg-tex.pdf , page1 used on
 input line 56.
(pdftex.def)             Requested size: 422.52577pt x 309.44173pt.
)
Overfull \hbox (2.40108pt too wide) in paragraph at lines 76--77
 [][] 
 []

Package svg Info: Last page of `./svg-inkscape/nema_pequeno_svg-tex.pdf' is 1 o
n input line 80.
(./svg-inkscape/nema_pequeno_svg-tex.pdf_tex
<./svg-inkscape/nema_pequeno_svg-tex.pdf, id=2031, page=1, 588.04532pt x 222.89
177pt>
File: ./svg-inkscape/nema_pequeno_svg-tex.pdf Graphic file (type pdf)
<use ./svg-inkscape/nema_pequeno_svg-tex.pdf, page 1>
Package pdftex.def Info: ./svg-inkscape/nema_pequeno_svg-tex.pdf , page1 used o
n input line 56.
(pdftex.def)             Requested size: 209.1301pt x 79.26826pt.
)
Package svg Info: Last page of `./svg-inkscape/nema_grande_svg-tex.pdf' is 1 on
 input line 83.

(./svg-inkscape/nema_grande_svg-tex.pdf_tex
<./svg-inkscape/nema_grande_svg-tex.pdf, id=2033, page=1, 584.15695pt x 235.669
82pt>
File: ./svg-inkscape/nema_grande_svg-tex.pdf Graphic file (type pdf)
<use ./svg-inkscape/nema_grande_svg-tex.pdf, page 1>
Package pdftex.def Info: ./svg-inkscape/nema_grande_svg-tex.pdf , page1 used on
 input line 56.
(pdftex.def)             Requested size: 209.1301pt x 84.36998pt.
)
Overfull \hbox (4.80215pt too wide) in paragraph at lines 80--84
 [][][][] 
 []

Package svg Info: Last page of `./svg-inkscape/cnc_datasheet_svg-tex.pdf' is 1 
on input line 92.
(./svg-inkscape/cnc_datasheet_svg-tex.pdf_tex
<./svg-inkscape/cnc_datasheet_svg-tex.pdf, id=2035, page=1, 589.4522pt x 453.94
594pt>
File: ./svg-inkscape/cnc_datasheet_svg-tex.pdf Graphic file (type pdf)
<use ./svg-inkscape/cnc_datasheet_svg-tex.pdf, page 1>
Package pdftex.def Info: ./svg-inkscape/cnc_datasheet_svg-tex.pdf , page1 used 
on input line 56.
(pdftex.def)             Requested size: 422.52577pt x 325.40007pt.
)
Overfull \hbox (2.40108pt too wide) in paragraph at lines 92--93
 [][] 
 []

Package svg Info: Last page of `./svg-inkscape/cnc_shield_2_svg-tex.pdf' is 1 o
n input line 97.
(./svg-inkscape/cnc_shield_2_svg-tex.pdf_tex
<./svg-inkscape/cnc_shield_2_svg-tex.pdf, id=2037, page=1, 546.19113pt x 410.71
617pt>
File: ./svg-inkscape/cnc_shield_2_svg-tex.pdf Graphic file (type pdf)
<use ./svg-inkscape/cnc_shield_2_svg-tex.pdf, page 1>
Package pdftex.def Info: ./svg-inkscape/cnc_shield_2_svg-tex.pdf , page1 used o
n input line 56.
(pdftex.def)             Requested size: 422.52577pt x 317.72517pt.
)
Overfull \hbox (2.40108pt too wide) in paragraph at lines 97--98
 [][] 
 []


LaTeX Warning: Float too large for page by 28.78743pt on input line 99.

Package svg Info: Last page of `./svg-inkscape/daata_driver_svg-tex.pdf' is 1 o
n input line 105.
(./svg-inkscape/daata_driver_svg-tex.pdf_tex
<./svg-inkscape/daata_driver_svg-tex.pdf, id=2039, page=1, 451.6875pt x 271.765
32pt>
File: ./svg-inkscape/daata_driver_svg-tex.pdf Graphic file (type pdf)
<use ./svg-inkscape/daata_driver_svg-tex.pdf, page 1>
Package pdftex.def Info: ./svg-inkscape/daata_driver_svg-tex.pdf , page1 used o
n input line 56.
(pdftex.def)             Requested size: 294.48706pt x 177.19273pt.
)
<figuras/SCH_ESP32-S3-DevKitC-1_V1.1_20221130.pdf, id=2043, page=1, 845.04686pt
 x 597.50786pt>
File: figuras/SCH_ESP32-S3-DevKitC-1_V1.1_20221130.pdf Graphic file (type pdf)
<use figuras/SCH_ESP32-S3-DevKitC-1_V1.1_20221130.pdf, page 1>
Package pdftex.def Info: figuras/SCH_ESP32-S3-DevKitC-1_V1.1_20221130.pdf , pag
e1 used on input line 116.
(pdftex.def)             Requested size: 422.52577pt x 298.75319pt.

Overfull \hbox (2.40108pt too wide) in paragraph at lines 116--117
 [][] 
 []

<figuras/SCH_ESP32-S3-DevKitC-1_V1.1_20221130.pdf, id=2044, page=2, 845.04686pt
 x 597.50786pt>
File: figuras/SCH_ESP32-S3-DevKitC-1_V1.1_20221130.pdf Graphic file (type pdf)
<use figuras/SCH_ESP32-S3-DevKitC-1_V1.1_20221130.pdf, page 2>
Package pdftex.def Info: figuras/SCH_ESP32-S3-DevKitC-1_V1.1_20221130.pdf , pag
e2 used on input line 121.
(pdftex.def)             Requested size: 422.52577pt x 298.75319pt.

Overfull \hbox (2.40108pt too wide) in paragraph at lines 121--122
 [][] 
 []

) [89]
LaTeX Info: Redefining \. on input line 113.
LaTeX Info: Redefining \% on input line 113.
 [90 <./figuras/pmmvb.jpg> <./figuras/pmmhb.jpg> <./figuras/pmmvc.jpg> <./figur
as/pmmhc.jpg>]
LaTeX Info: Redefining \. on input line 113.
LaTeX Info: Redefining \% on input line 113.
 [91 <./figuras/pmmva.jpg> <./figuras/pmmha.jpg>]
LaTeX Info: Redefining \. on input line 113.
LaTeX Info: Redefining \% on input line 113.
 [92 <./figuras/datasheet_NEO-6.PDF>]
LaTeX Info: Redefining \. on input line 113.
LaTeX Info: Redefining \% on input line 113.
 [93 <./figuras/datasheet_NEO-6.PDF>]
LaTeX Info: Redefining \. on input line 113.
LaTeX Info: Redefining \% on input line 113.
 [94
pdfTeX warning (ext4): destination with the same identifier (name{subfigure.Alp
h1.0.1}) has been already used, duplicate ignored
<argument> ...shipout:D \box_use:N \l_shipout_box 
                                                  \__shipout_drop_firstpage_...
l.113 \include{capitulos/anexo}
                                <./svg-inkscape/data_nema17_svg-tex.pdf> <./svg
-inkscape/nema_pequeno_svg-tex.pdf

pdfTeX warning: pdflatex.exe (file ./svg-inkscape/nema_pequeno_svg-tex.pdf): PD
F inclusion: multiple pdfs with page group included in a single page
> <./svg-inkscape/nema_grande_svg-tex.pdf

pdfTeX warning: pdflatex.exe (file ./svg-inkscape/nema_grande_svg-tex.pdf): PDF
 inclusion: multiple pdfs with page group included in a single page
>]
LaTeX Info: Redefining \. on input line 113.
LaTeX Info: Redefining \% on input line 113.
 [95
pdfTeX warning (ext4): destination with the same identifier (name{subfigure.Alp
h1.1.1}) has been already used, duplicate ignored
<argument> ...shipout:D \box_use:N \l_shipout_box 
                                                  \__shipout_drop_firstpage_...
l.113 \include{capitulos/anexo}
                               
pdfTeX warning (ext4): destination with the same identifier (name{subfigure.Alp
h1.1.2}) has been already used, duplicate ignored
<argument> ...shipout:D \box_use:N \l_shipout_box 
                                                  \__shipout_drop_firstpage_...
l.113 \include{capitulos/anexo}
                                <./svg-inkscape/cnc_datasheet_svg-tex.pdf> <./s
vg-inkscape/cnc_shield_2_svg-tex.pdf

pdfTeX warning: pdflatex.exe (file ./svg-inkscape/cnc_shield_2_svg-tex.pdf): PD
F inclusion: multiple pdfs with page group included in a single page
>]
LaTeX Info: Redefining \. on input line 113.
LaTeX Info: Redefining \% on input line 113.
 [96 <./svg-inkscape/daata_driver_svg-tex.pdf>]
LaTeX Info: Redefining \. on input line 113.
LaTeX Info: Redefining \% on input line 113.
 [97 <./figuras/SCH_ESP32-S3-DevKitC-1_V1.1_20221130.pdf> <./figuras/SCH_ESP32-
S3-DevKitC-1_V1.1_20221130.pdf>]
LaTeX Info: Redefining \. on input line 115.
LaTeX Info: Redefining \% on input line 115.
 [98



] (./TFG.bbl
Underfull \hbox (badness 2351) in paragraph at lines 39--42
[]\OT1/cmr/m/n/10 Andreas He-ne-mann.  Bipv: Built-in so-lar energy.  \OT1/cmr/
m/it/10 Re-ne-wa-ble Energy Fo-cus\OT1/cmr/m/n/10 , 9(6,
 []

[99


])
LaTeX Info: Redefining \. on input line 131.
LaTeX Info: Redefining \% on input line 131.
 [100] (./TFG.aux (./capitulos/portada.aux)
LaTeX Info: Redefining \. on input line 14.
LaTeX Info: Redefining \% on input line 14.
 (./capitulos/licencia.aux)
(./capitulos/agradecimientos.aux) (./capitulos/resumen.aux)
(./capitulos/simbolos.aux) (./capitulos/introduccion.aux)
(./capitulos/marcoteorico.aux) (./capitulos/estadoarte.aux)
(./capitulos/presentacionprototipo.aux) (./capitulos/planteamiento.aux)
(./capitulos/implementacion.aux) (./capitulos/conclusion.aux)
(./capitulos/anexo.aux))
 ***********
LaTeX2e <2025-11-01>
L3 programming layer <2025-11-14>
 ***********


LaTeX Font Warning: Some font shapes were not available, defaults substituted.


LaTeX Warning: There were undefined references.


LaTeX Warning: There were multiply-defined labels.

Package rerunfilecheck Info: File `TFG.out' has not changed.
(rerunfilecheck)             Checksum: 46FA3F3C3F70F8D63F9E258BAA2F0475;22699.
 ) 
Here is how much of TeX's memory you used:
 21251 strings out of 467538
 392287 string characters out of 5423725
 837622 words of memory out of 5000000
 49060 multiletter control sequences out of 15000+600000
 639167 words of font info for 82 fonts, out of 8000000 for 9000
 1141 hyphenation exceptions out of 8191
 94i,20n,133p,1571b,832s stack positions out of 10000i,1000n,20000p,200000b,200000s
<c:/texlive/2025/texmf-dist/fonts/type1/public/amsfonts/cm/cmbx10.pfb><c:/tex
live/2025/texmf-dist/fonts/type1/public/amsfonts/cm/cmbx12.pfb><c:/texlive/2025
/texmf-dist/fonts/type1/public/amsfonts/cm/cmbx7.pfb><c:/texlive/2025/texmf-dis
t/fonts/type1/public/amsfonts/cm/cmcsc10.pfb><c:/texlive/2025/texmf-dist/fonts/
type1/public/amsfonts/cm/cmex10.pfb><c:/texlive/2025/texmf-dist/fonts/type1/pub
lic/amsfonts/cm/cmmi10.pfb><c:/texlive/2025/texmf-dist/fonts/type1/public/amsfo
nts/cm/cmmi6.pfb><c:/texlive/2025/texmf-dist/fonts/type1/public/amsfonts/cm/cmm
i7.pfb><c:/texlive/2025/texmf-dist/fonts/type1/public/amsfonts/cm/cmmi8.pfb><c:
/texlive/2025/texmf-dist/fonts/type1/public/amsfonts/cm/cmr10.pfb><c:/texlive/2
025/texmf-dist/fonts/type1/public/amsfonts/cm/cmr12.pfb><c:/texlive/2025/texmf-
dist/fonts/type1/public/amsfonts/cm/cmr17.pfb><c:/texlive/2025/texmf-dist/fonts
/type1/public/amsfonts/cm/cmr5.pfb><c:/texlive/2025/texmf-dist/fonts/type1/publ
ic/amsfonts/cm/cmr6.pfb><c:/texlive/2025/texmf-dist/fonts/type1/public/amsfonts
/cm/cmr7.pfb><c:/texlive/2025/texmf-dist/fonts/type1/public/amsfonts/cm/cmr8.pf
b><c:/texlive/2025/texmf-dist/fonts/type1/public/amsfonts/cm/cmsl10.pfb><c:/tex
live/2025/texmf-dist/fonts/type1/public/amsfonts/cm/cmsy10.pfb><c:/texlive/2025
/texmf-dist/fonts/type1/public/amsfonts/cm/cmsy7.pfb><c:/texlive/2025/texmf-dis
t/fonts/type1/public/amsfonts/cm/cmsy8.pfb><c:/texlive/2025/texmf-dist/fonts/ty
pe1/public/amsfonts/cm/cmti10.pfb><c:/texlive/2025/texmf-dist/fonts/type1/publi
c/amsfonts/cm/cmti12.pfb><c:/texlive/2025/texmf-dist/fonts/type1/public/amsfont
s/cm/cmtt10.pfb><c:/texlive/2025/texmf-dist/fonts/type1/public/amsfonts/cm/cmtt
8.pfb><c:/texlive/2025/texmf-dist/fonts/type1/public/cm-super/sfbx0700.pfb><c:/
texlive/2025/texmf-dist/fonts/type1/public/cm-super/sfrm0700.pfb><c:/texlive/20
25/texmf-dist/fonts/type1/public/cm-super/sfrm1000.pfb><c:/texlive/2025/texmf-d
ist/fonts/type1/urw/palatino/uplr8a.pfb><c:/texlive/2025/texmf-dist/fonts/type1
/urw/symbol/usyr.pfb>
Output written on TFG.pdf (124 pages, 92902187 bytes).
PDF statistics:
 2442 PDF objects out of 2487 (max. 8388607)
 1925 compressed objects within 20 object streams
 481 named destinations out of 1000 (max. 500000)
 1829 words of extra memory for PDF output out of 10000 (max. 10000000)

